"FID","id","old_id","area","perimeter","prov","depto","nomdepto","link","ind01","ind03","ind04","ind05","ind06","ind07","ind08","ind09","ind10","ind11","ind12","ind13","ind14","ind15","nomprov"
"departamentos.fid--bb562cf_17950c2b895_-355",1,1,"7.687.759.032.574","1.327.967.403",94,15,"Ushuaia",94015,30656,99.7,0.3,37,56.2,30,0,5.6,0.1,0.6,0,0.1,0.4,5.1,"Tierra del Fuego, Antártida e Islas del Atlántico Sur"
"departamentos.fid--bb562cf_17950c2b895_-354",2,1,"6.442.353.954.625","451.601.571",94,11,"Tolhuin",94011,2574,98.6,1.4,57.6,37.1,0.4,2.7,0,0,1.7,0.2,0.4,0.4,15.1,"Tierra del Fuego, Antártida e Islas del Atlántico Sur"
"departamentos.fid--bb562cf_17950c2b895_-353",3,1,"6.567.791.832.399","599.296.017",94,8,"Río Grande",94008,36493,99.9,0.1,47.8,49.8,20.9,0,0,0.2,1.7,0,0.2,0.3,0.3,"Tierra del Fuego, Antártida e Islas del Atlántico Sur"
"departamentos.fid--bb562cf_17950c2b895_-352",4,1,"33.650.150.877.395","1.112.109.938",78,21,"Güer Aike",78021,52198,99.9,0.1,58.7,35.7,15,0,0,0.5,4.5,0,0.1,0.5,3.3,"Santa Cruz"
"departamentos.fid--bb562cf_17950c2b895_-351",5,1,"20.322.994.087.055","753.232.634",78,42,"Magallanes",78042,4770,99.6,0.4,73,22.1,0,0,0,0,4.3,0,0.2,0.4,4.2,"Santa Cruz"
"departamentos.fid--bb562cf_17950c2b895_-350",6,1,"26.250.475.492.666","876.806.517",78,7,"Corpen Aike",78007,6296,99.2,0.8,66.5,27,0,0,0,0.2,5.3,0,0.3,0.6,4.4,"Santa Cruz"
"departamentos.fid--bb562cf_17950c2b895_-34f",7,1,"33.967.270.538.054","833.281.306",78,49,"Río Chico",78049,2070,98.9,1.1,68.4,27.8,0,0,0,1,2.1,0,0.4,0.2,11,"Santa Cruz"
"departamentos.fid--bb562cf_17950c2b895_-34e",8,1,"38.594.910.736.122","995.618.838",78,28,"Lago Argentino",78028,NA,NA,NA,NA,NA,NA,NA,NA,NA,NA,NA,NA,NA,NA,"Santa Cruz"
"departamentos.fid--bb562cf_17950c2b895_-34d",9,1,"28.534.679.434.548","855.588.126",78,35,"Lago Buenos Aires",78035,4313,99.3,0.7,64.1,34.2,0,0,0,0,0.9,0,0.2,0.6,8.3,"Santa Cruz"
"departamentos.fid--bb562cf_17950c2b895_-34c",10,1,"63129179470.56","1398255.15",78,14,"Deseado",78014,NA,NA,NA,NA,NA,NA,NA,NA,NA,NA,NA,NA,NA,NA,"Santa Cruz"
"departamentos.fid--bb562cf_17950c2b895_-34b",11,1,"14.274.118.836.132","659.384.289",26,21,"Escalante",26021,88672,99.9,0.1,51.2,45.6,16.1,0,0,0.6,2.2,0,0.2,0.2,7.3,"Chubut"
"departamentos.fid--bb562cf_17950c2b895_-34a",12,1,"15.860.125.283.311","877415.58",26,28,"Florentino Ameghino",26028,NA,NA,NA,NA,NA,NA,NA,NA,NA,NA,NA,NA,NA,NA,"Chubut"
"departamentos.fid--bb562cf_17950c2b895_-349",13,1,"22.222.447.538.472","624.947.102",26,70,"Paso de Indios",26070,NA,NA,NA,NA,NA,NA,NA,NA,NA,NA,NA,NA,NA,NA,"Chubut"
"departamentos.fid--bb562cf_17950c2b895_-348",14,1,"14.547.118.480.354","491544.99",26,91,"Sarmiento",26091,5151,99.7,0.3,66.8,29.9,0,0,0,0.3,2.5,0,0.1,0.4,9.8,"Chubut"
"departamentos.fid--bb562cf_17950c2b895_-347",15,1,"22.873.438.283.186","827.078.638",26,84,"Río Senguer",26084,1214,99.7,0.3,90.2,8.3,0,0,0,0,1.2,0,0.2,0,14.3,"Chubut"
"departamentos.fid--bb562cf_17950c2b895_-346",16,1,"14.596.154.712.821","603.009.108",26,98,"Tehuelches",26098,1116,99.3,0.7,85.6,12.2,0,0,0,0,1.2,0,0.5,0.5,4.8,"Chubut"
"departamentos.fid--bb562cf_17950c2b895_-345",17,1,"14.788.383.769.698","684.629.164",26,56,"Languiñeo",26056,NA,NA,NA,NA,NA,NA,NA,NA,NA,NA,NA,NA,NA,NA,"Chubut"
"departamentos.fid--bb562cf_17950c2b895_-344",18,1,"9.153.435.876.423","558.152.458",26,35,"Futaleufú",26035,18711,99.3,0.7,60.3,37.5,1.9,0,0,0,1.1,0,0.5,0.6,5.4,"Chubut"
"departamentos.fid--bb562cf_17950c2b895_-343",19,1,"16.295.403.831.226","697.030.289",26,14,"Cushamen",26014,5181,97.6,2.4,80.5,17.3,0,0,0,0,1.2,0,0.4,0.6,40.8,"Chubut"
"departamentos.fid--bb562cf_17950c2b895_-342",20,1,"15.980.284.762.259","628.379.052",26,49,"Gastre",26049,NA,NA,NA,NA,NA,NA,NA,NA,NA,NA,NA,NA,NA,NA,"Chubut"
"departamentos.fid--bb562cf_17950c2b895_-341",27,1,"9.789.538.031.926","457.385.338",62,28,"Conesa",62028,2696,99.4,0.6,74.8,22.3,0,0,0,0,1.8,0,0.6,0.5,3.1,"Río Negro"
"departamentos.fid--bb562cf_17950c2b895_-340",59,1,"8.803.951.556.536","376.158.314",42,49,"Chalileo",42049,1285,97.3,2.7,87.5,7.9,0,0,0,0.6,3.5,0,0.4,0,9.2,"La Pampa"
"departamentos.fid--bb562cf_17950c2b895_-33f",21,1,"15.637.538.613.782","592.935.603",26,63,"Mártires",26063,NA,NA,NA,NA,NA,NA,NA,NA,NA,NA,NA,NA,NA,NA,"Chubut"
"departamentos.fid--bb562cf_17950c2b895_-33e",22,1,"11.618.544.987.838","481.234.933",26,42,"Gaiman",26042,3958,99.8,0.2,77.4,20.1,5.2,0,0,0,1.9,0,0.3,0.3,9.8,"Chubut"
"departamentos.fid--bb562cf_17950c2b895_-33d",23,1,"4.135.397.844.782","343.370.934",26,77,"Rawson",26077,60458,99.9,0.1,67.9,30,25.9,0,0,0.1,1.1,0.2,0.3,0.4,1.4,"Chubut"
"departamentos.fid--bb562cf_17950c2b895_-33c",24,1,"12.895.225.087.065","808.167.159",26,7,"Biedma",26007,38942,99.6,0.4,53.4,44.7,27.1,0,0,0,1.3,0,0.4,0.2,5.3,"Chubut"
"departamentos.fid--bb562cf_17950c2b895_-33b",25,1,"19.439.494.068.754","593.324.117",26,105,"Telsen",26105,NA,NA,NA,NA,NA,NA,NA,NA,NA,NA,NA,NA,NA,NA,"Chubut"
"departamentos.fid--bb562cf_17950c2b895_-33a",26,1,"14.335.683.589.768","799.922.208",62,77,"San Antonio",62077,16605,91.5,8.5,68,23.9,19,1.1,0,0,2.7,1.4,2.3,0.6,3,"Río Negro"
"departamentos.fid--bb562cf_17950c2b895_-339",48,1,"15.670.875.305.554","578.294.988",62,63,"Pichi Mahuida",62063,6094,99.6,0.4,80.6,15.5,12.6,0,0,0,2.5,0,0.4,1,2.1,"Río Negro"
"departamentos.fid--bb562cf_17950c2b895_-338",49,1,"12.477.755.193.308","488.450.455",42,84,"Lihuel Calel",42084,NA,NA,NA,NA,NA,NA,NA,NA,NA,NA,NA,NA,NA,NA,"La Pampa"
"departamentos.fid--bb562cf_17950c2b895_-337",50,1,"13.513.136.853.929","539.067.828",42,42,"Curacó",42042,NA,NA,NA,NA,NA,NA,NA,NA,NA,NA,NA,NA,NA,NA,"La Pampa"
"departamentos.fid--bb562cf_17950c2b895_-336",51,1,"14.618.995.424.156","666272.75",62,42,"General Roca",62042,134288,99.9,0.1,64.2,33.2,22.2,0.9,0,0.1,1.1,0,0.3,0.2,4.9,"Río Negro"
"departamentos.fid--bb562cf_17950c2b895_-335",52,1,"13.096.579.423.701","590.125.291",42,112,"Puelén",42112,3768,99.9,0.1,83.1,14.3,0,0,0,0,2.3,0,0.3,0,6,"La Pampa"
"departamentos.fid--bb562cf_17950c2b895_-334",28,1,"21132231132.32","648851.79",62,84,"Valcheta",62084,2069,99.7,0.3,81.2,10.9,0,0,0,0.6,3.7,0,2,1.6,7.1,"Río Negro"
"departamentos.fid--bb562cf_17950c2b895_-333",29,1,"24.064.048.576.516","690.640.585",62,49,"9 de julio",62049,NA,NA,NA,NA,NA,NA,NA,NA,NA,NA,NA,NA,NA,NA,"Río Negro"
"departamentos.fid--bb562cf_17950c2b895_-332",30,1,"27.642.287.322.829","718.442.677",62,91,"25 de mayo",62091,6057,99.8,0.2,81.3,14.6,0,0,0,0,2.7,0,0.5,0.9,5,"Río Negro"
"departamentos.fid--bb562cf_17950c2b895_-331",31,1,"8.243.292.131.922","414482.56",62,56,"Ñorquinco",62056,NA,NA,NA,NA,NA,NA,NA,NA,NA,NA,NA,NA,NA,NA,"Río Negro"
"departamentos.fid--bb562cf_17950c2b895_-330",32,1,"5.422.650.368.154","402.533.511",62,21,"Bariloche",62021,70767,99.1,0.9,39.6,54.3,20.7,0.8,1.3,0.1,2.9,0,0.4,0.6,4.5,"Río Negro"
"departamentos.fid--bb562cf_17950c2b895_-32f",33,1,"4.213.097.879.703","361.762.743",58,70,"Los Lagos",58070,6601,96.6,3.4,53,42,2.7,2.6,0,0,1.8,0,0.3,0.2,11.8,"Neuquén"
"departamentos.fid--bb562cf_17950c2b895_-32e",34,1,"10.983.784.033.354","619.101.651",62,70,"Pilcaniyeu",62070,2357,99,1,47.6,44.9,0.5,0,0,0,5.6,0,1,0.9,0.3,"Río Negro"
"departamentos.fid--bb562cf_17950c2b895_-32d",35,1,"5.767.178.332.853","418.733.257",58,28,"Collón Curá",58028,1446,98.9,1.1,69.1,27.4,2.3,0.1,0,0.8,1.5,0,0.9,0.1,1,"Neuquén"
"departamentos.fid--bb562cf_17950c2b895_-32c",36,1,"4.971.980.309.716","385.693.048",58,56,"Lácar",58056,16233,98.7,1.3,43.2,51.1,20.8,2.2,1.1,0.1,2,0.1,0.1,0,8.1,"Neuquén"
"departamentos.fid--bb562cf_17950c2b895_-32b",37,1,"4.026.906.910.148","380.279.932",58,49,"Huiliches",58049,6187,99.6,0.4,74,25,0.6,0,0,0.2,0.6,0,0.2,0,4.5,"Neuquén"
"departamentos.fid--bb562cf_17950c2b895_-32a",38,1,"5.502.492.970.257","435.420.991",58,21,"Catán Lil",58021,NA,NA,NA,NA,NA,NA,NA,NA,NA,NA,NA,NA,NA,NA,"Neuquén"
"departamentos.fid--bb562cf_17950c2b895_-329",39,1,"4.739.337.722.497","378.685.288",58,7,"Aluminé",58007,2163,98.5,1.5,77,19.8,0,0,0,0,2.7,0,0.3,0.1,18.1,"Neuquén"
"departamentos.fid--bb562cf_17950c2b895_-328",40,1,"5.505.170.553.211","447.277.357",58,63,"Loncopué",58063,1965,99.2,0.8,65.1,30.4,0.7,0,0,0.4,3.8,0,0.2,0.1,2.7,"Neuquén"
"departamentos.fid--bb562cf_17950c2b895_-327",41,1,"6.044.153.551.859","479.141.896",58,105,"Picunches",58105,2188,99.6,0.4,70.8,24.3,0.4,0,0,0.4,3.4,0,0.7,0.4,7.8,"Neuquén"
"departamentos.fid--bb562cf_17950c2b895_-326",42,1,"5.218.894.082.642","382.526.317",58,112,"Zapala",58112,16614,99.8,0.2,72.4,26.2,13.6,0,0,0.2,0.9,0,0.2,0.1,5.4,"Neuquén"
"departamentos.fid--bb562cf_17950c2b895_-325",43,1,"12.062.972.053.573","585.846.792",58,14,"Añelo",58014,6469,99.4,0.6,57.7,38.4,11,0,0,0,3.5,0,0.3,0,22.6,"Neuquén"
"departamentos.fid--bb562cf_17950c2b895_-324",44,1,"7.202.572.627.156","427051.64",58,35,"Confluencia",58035,178140,99.9,0.1,61.5,36.4,32.3,0.5,0,0,1.1,0,0.1,0.4,8.7,"Neuquén"
"departamentos.fid--bb562cf_17950c2b895_-323",45,1,"4.595.079.319.268","301.126.251",58,98,"Picún Leufú",58098,1464,99.8,0.2,76.4,20.6,0,0,0,0,2.9,0,0.1,0,4.5,"Neuquén"
"departamentos.fid--bb562cf_17950c2b895_-322",46,1,"21.522.276.513.121","816.504.344",62,35,"El Cuy",62035,1806,100,0,88.2,5,0,5,0,0,1.8,0,0.1,0,45.6,"Río Negro"
"departamentos.fid--bb562cf_17950c2b895_-321",47,1,"19.843.684.759.586","781.917.752",62,14,"Avellaneda",62014,13428,99.8,0.2,68.1,28.4,6.3,0,0,0,2,0,0.4,1,5.6,"Río Negro"
"departamentos.fid--bb562cf_17950c2b895_-320",53,1,"10.012.490.282.062","400.231.142",42,91,"Limay Mahuida",42091,NA,NA,NA,NA,NA,NA,NA,NA,NA,NA,NA,NA,NA,NA,"La Pampa"
"departamentos.fid--bb562cf_17950c2b895_-31f",57,1,"5.127.404.573.624","312.766.894",42,35,"Conhelo",42035,5750,99.8,0.2,92.3,4,0,0,0,0,1.8,0.2,1.4,0.4,5.3,"La Pampa"
"departamentos.fid--bb562cf_17950c2b895_-31e",58,1,"9.127.659.663.531","391.247.889",42,98,"Loventué",42098,2861,99.8,0.2,93.5,3,0,0,0,0,2.3,0.4,0.7,0,1.4,"La Pampa"
"departamentos.fid--bb562cf_17950c2b895_-31d",114,1,"5.533.019.087.562","488.027.474",66,154,"San Carlos",66154,997,97.6,2.4,91.1,0,0,0,0,0,7,0,1.7,0.2,36.9,"Salta"
"departamentos.fid--bb562cf_17950c2b895_-31c",115,1,"3.716.565.634.453","394.722.943",66,119,"Molinos",66119,NA,NA,NA,NA,NA,NA,NA,NA,NA,NA,NA,NA,NA,NA,"Salta"
"departamentos.fid--bb562cf_17950c2b895_-31b",116,1,"2.846.978.451.114","294.865.428",66,14,"Cachi",66014,1691,97.5,2.5,93.9,0,0,0,0,0,4.2,0,1.9,0,67.6,"Salta"
"departamentos.fid--bb562cf_17950c2b895_-31a",117,1,"25.111.695.216.467","907.779.792",66,105,"Los Andes",66105,1837,98.9,1.1,86.9,3.7,8.8,0,0,2.4,4,0,2.9,0.1,33.5,"Salta"
"departamentos.fid--bb562cf_17950c2b895_-319",118,1,"4.003.908.759.841","513.308.719",66,91,"La Poma",66091,NA,NA,NA,NA,NA,NA,NA,NA,NA,NA,NA,NA,NA,NA,"Salta"
"departamentos.fid--bb562cf_17950c2b895_-318",119,1,"1.716.090.600.866","262.469.699",66,28,"Capital",66028,184254,99.8,0.2,68.9,25.7,55,0.7,0.2,1,1.3,0,0.9,1.3,21,"Salta"
"departamentos.fid--bb562cf_17950c2b895_-317",120,1,"1.091.940.082.913","188.345.121",66,77,"La Caldera",66077,3792,99.9,0.1,79.8,11.5,2.1,5.1,0,0.7,1.1,0.2,1.4,0.1,19.1,"Salta"
"departamentos.fid--bb562cf_17950c2b895_-316",54,1,"12.881.194.612.876","484.670.869",42,154,"Utracán",42154,6104,99.8,0.2,86.6,10.1,4.1,0,0,0,1.1,0.2,2,0,2.6,"La Pampa"
"departamentos.fid--bb562cf_17950c2b895_-315",55,1,"2.538.220.498.046","216.162.122",42,21,"Capital",42021,50704,99.9,0.1,74.7,24,41.4,0,0,0,0.6,0,0.4,0.3,0.8,"La Pampa"
"departamentos.fid--bb562cf_17950c2b895_-314",56,1,"5.089.655.439.037","316.548.321",42,140,"Toay",42140,6267,100,0,88.8,6.9,0,0,0,0,3.3,0.5,0.4,0.2,1.2,"La Pampa"
"departamentos.fid--bb562cf_17950c2b895_-313",121,1,"5136485758.86","372.826.306",66,147,"Rosario de Lerma",66147,11352,99.5,0.5,76.1,15.2,8.3,0,0,1.8,3.5,0,2.2,1.2,24.8,"Salta"
"departamentos.fid--bb562cf_17950c2b895_-312",122,1,"2.073.283.972.638","291.473.623",38,21,"Dr. Manuel Belgrano",38021,95916,99.9,0.1,76,17.8,57.9,0.1,0.6,1.4,1.9,0.1,1.4,0.7,20.6,"Jujuy"
"departamentos.fid--bb562cf_17950c2b895_-311",123,1,"487.726.490.292","142.460.349",38,42,"Palpalá",38042,18306,99.9,0.1,87.3,5.4,19.6,0,0,1,4.7,0.1,1.4,0.1,9.1,"Jujuy"
"departamentos.fid--bb562cf_17950c2b895_-310",60,1,"9.000.905.458.968","386.929.339",42,63,"Chical Co",42063,NA,NA,NA,NA,NA,NA,NA,NA,NA,NA,NA,NA,NA,NA,"La Pampa"
"departamentos.fid--bb562cf_17950c2b895_-30f",61,1,"40.574.471.761.861","1.058.881.145",50,77,"Malargüe",50077,9833,99.6,0.4,61.5,35.6,0.1,0,0,0,2.2,0,0.4,0.4,0.2,"Mendoza"
"departamentos.fid--bb562cf_17950c2b895_-30e",62,1,"8.328.991.817.993","557.113.002",58,91,"Pehuenches",58091,11460,99.8,0.2,78.3,20.3,0.2,0,0,0.3,0.7,0,0.3,0.1,3.3,"Neuquén"
"departamentos.fid--bb562cf_17950c2b895_-30d",63,1,"5.554.874.338.053","395.733.858",58,84,"Ñorquín",58084,NA,NA,NA,NA,NA,NA,NA,NA,NA,NA,NA,NA,NA,NA,"Neuquén"
"departamentos.fid--bb562cf_17950c2b895_-30c",64,1,"6052735491.98","497.165.861",58,77,"Minas",58077,1323,100,0,72.6,23.6,0,0,0,1.1,1.5,0,0.1,1.1,18.8,"Neuquén"
"departamentos.fid--bb562cf_17950c2b895_-30b",65,1,"4.578.121.522.217","394201.62",58,42,"Chos Malal",58042,6042,99.9,0.1,62.7,34.3,0,0,0,0.3,1.8,0,0.3,0.6,9.5,"Neuquén"
"departamentos.fid--bb562cf_17950c2b895_-30a",66,1,"11.562.921.893.122","615.982.165",50,91,"San Carlos",50091,7308,99.7,0.3,63.3,32.9,0.2,0,0,0,2.3,0,0.3,1.2,6.1,"Mendoza"
"departamentos.fid--bb562cf_17950c2b895_-309",67,1,"31.380.945.876.862","1.186.022.382",50,105,"San Rafael",50105,59736,99.8,0.2,67.7,28.3,7.2,0.2,1.1,0,1.5,0,0.7,0.4,1.8,"Mendoza"
"departamentos.fid--bb562cf_17950c2b895_-308",68,1,"14728803555.05","587.576.753",50,14,"General Alvear",50014,15080,99.7,0.3,86.1,12.8,0.2,0.2,0,0.1,0.2,0,0.3,0.3,6.2,"Mendoza"
"departamentos.fid--bb562cf_17950c2b895_-307",69,1,"2.003.898.672.493","180.151.889",42,147,"Trenel",42147,1637,99.7,0.3,89.3,6.8,0,0,0,0,2.2,0,1.2,0.5,5,"La Pampa"
"departamentos.fid--bb562cf_17950c2b895_-306",70,1,"5115173265.04","293250.94",42,126,"Rancul",42126,3495,99.9,0.1,95.1,1.9,0,0,0,0.1,1.3,0.1,1.2,0.2,3.4,"La Pampa"
"departamentos.fid--bb562cf_17950c2b895_-305",71,1,"2494072275.89","199.765.251",42,133,"Realicó",42133,5710,99.9,0.1,91.2,5.7,0,0,0,0.1,1.6,0.2,1,0.2,2.8,"La Pampa"
"departamentos.fid--bb562cf_17950c2b895_-304",72,1,"18.325.665.392.972","623.577.853",74,42,"Gobernador Dupuy",74042,2481,99.6,0.4,89.1,5.7,0,0,0,0.4,2.3,0,2.4,0,11.2,"San Luis"
"departamentos.fid--bb562cf_17950c2b895_-303",73,1,"12.633.842.889.823","577.082.497",14,35,"General Roca",14035,10659,99.8,0.2,87.3,8.3,0,0,0,0,2.9,0,1.2,0.3,2.1,"Córdoba"
"departamentos.fid--bb562cf_17950c2b895_-302",74,1,"7.536.614.911.838","475.608.363",50,42,"La Paz",50042,2984,99.8,0.2,91.8,6.1,0,0,0.3,0,1.1,0,0.6,0.1,3,"Mendoza"
"departamentos.fid--bb562cf_17950c2b895_-301",124,1,"692332535.87","166.685.618",38,56,"San Antonio",38056,NA,NA,NA,NA,NA,NA,NA,NA,NA,NA,NA,NA,NA,NA,"Jujuy"
"departamentos.fid--bb562cf_17950c2b895_-300",125,1,"908.924.345.563","183.352.052",38,14,"El Carmen",38014,27083,100,0,89.1,4.3,20.8,0,0,1.3,2.9,0,1.9,0.5,28.1,"Jujuy"
"departamentos.fid--bb562cf_17950c2b895_-2ff",126,1,"2.047.741.988.477","282.474.014",38,63,"San Pedro",38063,24891,100,0,89.8,7.2,77.1,0,0,0.2,1.2,0,1.2,0.4,28.5,"Jujuy"
"departamentos.fid--bb562cf_17950c2b895_-2fe",75,1,"8.845.005.820.928","487.721.076",50,112,"Santa Rosa",50112,3084,100,0,85.3,10.5,1.5,0,0,0,1.1,0,2.4,0.6,9.7,"Mendoza"
"departamentos.fid--bb562cf_17950c2b895_-2fd",76,1,"13.562.520.910.382","697.736.069",74,56,"Juan Martín de Pueyrredón",74056,83458,99.9,0.1,68,27.4,22.7,1.3,1.3,0.3,0.9,0,0.6,0.1,19.3,"San Luis"
"departamentos.fid--bb562cf_17950c2b895_-2fc",77,1,"14.776.169.583.048","658.544.565",74,35,"General Pedernera",74035,52293,99.9,0.1,77.5,20.8,28.5,0,0,0.1,1,0,0.5,0.1,2.5,"San Luis"
"departamentos.fid--bb562cf_17950c2b895_-2fb",78,1,"18.581.184.073.207","737.487.314",14,98,"Río Cuarto",14098,95962,99.8,0.2,70,26.1,61.6,0.3,0.3,0,1.8,0,1.1,0.3,2.6,"Córdoba"
"departamentos.fid--bb562cf_17950c2b895_-2fa",79,1,"3.854.085.227.761","391.278.617",74,21,"Coronel Pringles",74021,3191,99.8,0.2,84.4,12.5,0,0,0,0.3,0.7,0,2.1,0.1,5.6,"San Luis"
"departamentos.fid--bb562cf_17950c2b895_-2f9",80,1,"3.475.983.708.474","329.196.941",74,63,"Libertador General San Martín",74063,NA,NA,NA,NA,NA,NA,NA,NA,NA,NA,NA,NA,NA,NA,"San Luis"
"departamentos.fid--bb562cf_17950c2b895_-2f8",81,1,"2.416.714.202.329","266.314.319",74,28,"Chacabuco",74028,6889,99.8,0.2,80.7,15.1,1.2,0,0,0.9,1.4,0,1.9,0,10.7,"San Luis"
"departamentos.fid--bb562cf_17950c2b895_-2f7",82,1,"4.698.410.228.803","384.665.611",14,7,"Calamuchita",14007,2847,99.9,0.1,87.3,7.9,0.9,0,0,0.1,3.1,0,1.4,0.2,2.7,"Córdoba"
"departamentos.fid--bb562cf_17950c2b895_-2f6",83,1,"1.545.217.459.651","244.788.405",14,133,"San Javier",14133,NA,NA,NA,NA,NA,NA,NA,NA,NA,NA,NA,NA,NA,NA,"Córdoba"
"departamentos.fid--bb562cf_17950c2b895_-2f5",84,1,"2.651.164.398.149","347.974.884",74,49,"Junín",74049,12315,97.4,2.6,77.7,17.8,1,0.1,0,0.1,1.9,0.7,1.7,0.1,10.6,"San Luis"
"departamentos.fid--bb562cf_17950c2b895_-2f4",85,1,"8.176.110.032.336","548.109.295",74,7,"Ayacucho",74007,8110,99.4,0.6,81.7,12.5,0,0.1,0,0.8,2.7,0.1,2.1,0.1,23.2,"San Luis"
"departamentos.fid--bb562cf_17950c2b895_-2f3",86,1,"8.106.348.915.174","452.357.303",74,14,"Belgrano",74014,NA,NA,NA,NA,NA,NA,NA,NA,NA,NA,NA,NA,NA,NA,"San Luis"
"departamentos.fid--bb562cf_17950c2b895_-2f2",87,1,"10.103.722.292.793","567.162.931",50,56,"Lavalle",50056,4681,99.9,0.1,78.8,13.7,0.5,0,3.6,0,2.1,0.1,1.1,0.6,27.5,"Mendoza"
"departamentos.fid--bb562cf_17950c2b895_-2f1",88,1,"4.213.340.367.759","430.320.285",70,126,"25 de mayo",70126,3652,100,0,91,8.8,0.3,0,0,0,0,0,0.1,0,32,"San Juan"
"departamentos.fid--bb562cf_17950c2b895_-2f0",91,1,"52.698.427.119","34.350.537",50,7,"Capital",50007,58557,99.8,0.2,39.7,53.6,67.8,1.7,2.7,0.9,0.2,0,0.1,1.1,1.6,"Mendoza"
"departamentos.fid--bb562cf_17950c2b895_-2ef",127,1,"4.391.647.012.827","370.669.112",38,70,"Santa Bárbara",38070,5078,99.9,0.1,96.2,0.9,0,0,0,0.6,1.4,0,0.8,0,38.8,"Jujuy"
"departamentos.fid--bb562cf_17950c2b895_-2ee",128,1,"2.193.819.117.178","298.254.301",66,49,"General Güemes",66049,14903,99.9,0.1,80.5,12.3,9.3,0,0,1.2,2.5,0,2.7,0.8,18.3,"Salta"
"departamentos.fid--bb562cf_17950c2b895_-2ed",89,1,"2.823.714.620.618","262699.44",70,105,"Sarmiento",70105,5063,99.9,0.1,72.8,25.4,0.2,0,0,0,0.3,0,1.4,0,26.8,"San Juan"
"departamentos.fid--bb562cf_17950c2b895_-2ec",90,1,"8.908.027.809.924","589.362.999",50,49,"Las Heras",50049,67833,99.9,0.1,66.1,25.8,8.6,4,2,0,1.3,0,0.6,0.2,6.8,"Mendoza"
"departamentos.fid--bb562cf_17950c2b895_-2eb",102,1,"3.005.917.255.494","269.318.464",38,112,"Yavi",38112,6753,97.8,2.2,84.5,5.8,18.4,0,0.6,2.9,3.6,0.8,1.2,0.6,12.5,"Jujuy"
"departamentos.fid--bb562cf_17950c2b895_-2ea",103,1,"3531334617.87","374.667.582",66,70,"Iruya",66070,NA,NA,NA,NA,NA,NA,NA,NA,NA,NA,NA,NA,NA,NA,"Salta"
"departamentos.fid--bb562cf_17950c2b895_-2e9",104,1,"11.642.022.763.812","838.324.958",66,126,"Orán",66126,42704,99.9,0.1,88.3,7.1,23.8,0,0.5,1.2,0.8,0,1.7,0.3,22.6,"Salta"
"departamentos.fid--bb562cf_17950c2b895_-2e8",92,1,"79.303.382.206","41.423.821",50,21,"Godoy Cruz",50021,70500,100,0,64.3,31.7,38.2,1.5,1.6,0.1,0.3,0,0.3,0.3,1.6,"Mendoza"
"departamentos.fid--bb562cf_17950c2b895_-2e7",93,1,"623058939.64","123.189.685",50,70,"Maipú",50070,46784,100,0,68.2,24.8,4.1,4.5,0.2,0,1.2,0,0.8,0.3,17.8,"Mendoza"
"departamentos.fid--bb562cf_17950c2b895_-2e6",105,1,"2.981.367.576.598","374.790.515",38,35,"Ledesma",38035,26330,99.9,0.1,91.2,4.1,73.3,0,0.2,0.7,1.9,0,1.7,0.2,19.6,"Jujuy"
"departamentos.fid--bb562cf_17950c2b895_-2e5",106,1,"2.120.228.174.842","249084.46",38,94,"Tilcara",38094,4305,97.3,2.7,87,2.8,0,0,0,1.7,3.8,1.1,2.3,1.4,33.6,"Jujuy"
"departamentos.fid--bb562cf_17950c2b895_-2e4",107,1,"3294769492.49","336.869.514",38,98,"Tumbaya",38098,NA,NA,NA,NA,NA,NA,NA,NA,NA,NA,NA,NA,NA,NA,"Jujuy"
"departamentos.fid--bb562cf_17950c2b895_-2e3",108,1,"1.212.181.160.354","175.316.341",38,105,"Valle Grande",38105,NA,NA,NA,NA,NA,NA,NA,NA,NA,NA,NA,NA,NA,NA,"Jujuy"
"departamentos.fid--bb562cf_17950c2b895_-2e2",109,1,"3.530.955.814.571","294.172.684",38,28,"Humahuaca",38028,6296,98.5,1.5,86.1,2.2,4.4,0,1.3,0.9,5.5,1.1,1.4,1.6,44.5,"Jujuy"
"departamentos.fid--bb562cf_17950c2b895_-2e1",110,1,"7.187.749.684.339","512.019.186",38,7,"Cochinoca",38007,4091,100,0,91.1,2.4,1,0,0,1.8,1.6,0,2.5,0.6,1.6,"Jujuy"
"departamentos.fid--bb562cf_17950c2b895_-2e0",111,1,"10.201.290.765.652","444.098.995",38,84,"Susques",38084,NA,NA,NA,NA,NA,NA,NA,NA,NA,NA,NA,NA,NA,NA,"Jujuy"
"departamentos.fid--bb562cf_17950c2b895_-2df",112,1,"6167710791.78","423.323.007",38,49,"Rinconada",38049,NA,NA,NA,NA,NA,NA,NA,NA,NA,NA,NA,NA,NA,NA,"Jujuy"
"departamentos.fid--bb562cf_17950c2b895_-2de",94,1,"162.198.124.102","58.699.583",50,28,"Guaymallén",50028,91411,99.9,0.1,64.7,27.9,13.2,3.9,1,0.1,1.2,0,0.8,0.3,10.6,"Mendoza"
"departamentos.fid--bb562cf_17950c2b895_-2dd",95,1,"1.507.039.226.168","201.688.276",50,98,"San Martín",50098,29723,100,0,75.3,22.2,8.8,1.1,0.2,0,0.3,0,0.5,0.4,8.7,"Mendoza"
"departamentos.fid--bb562cf_17950c2b895_-2dc",113,1,"2.935.693.738.298","353.157.954",38,77,"Santa Catalina",38077,NA,NA,NA,NA,NA,NA,NA,NA,NA,NA,NA,NA,NA,NA,"Jujuy"
"departamentos.fid--bb562cf_17950c2b895_-2db",96,1,"272.362.792.753","120.499.073",50,35,"Junín",50035,8468,99.9,0.1,87.7,10.9,0,0.5,0,0,0.4,0,0.3,0.2,14.8,"Mendoza"
"departamentos.fid--bb562cf_17950c2b895_-2da",97,1,"2.107.935.692.951","226.690.502",50,84,"Rivadavia",50084,11658,99.9,0.1,81.9,16.2,9.9,0,0.6,0,0.3,0,0.4,0.5,6.5,"Mendoza"
"departamentos.fid--bb562cf_17950c2b895_-2d9",98,1,"3.381.661.711.967","264.424.663",50,119,"Tunuyán",50119,14050,99.7,0.3,59.6,33.3,0,0.4,4.1,0.2,1.6,0,0.2,0.5,12.5,"Mendoza"
"departamentos.fid--bb562cf_17950c2b895_-2d8",99,1,"2.455.282.626.139","241.136.237",50,126,"Tupungato",50126,4982,99.9,0.1,64.2,32.8,2,0.1,0,0,1.4,0,1.2,0.3,13.7,"Mendoza"
"departamentos.fid--bb562cf_17950c2b895_-2d7",100,1,"4.820.865.365.041","494.743.314",50,63,"Cuyo",50063,43495,99.8,0.2,69.4,17.5,15.1,7.4,3,0,1.5,0,0.5,0.5,19.1,"Mendoza"
"departamentos.fid--bb562cf_17950c2b895_-2d6",101,1,"4.049.077.368.436","367.305.321",66,161,"Santa Victoria",66161,NA,NA,NA,NA,NA,NA,NA,NA,NA,NA,NA,NA,NA,NA,"Salta"
"departamentos.fid--bb562cf_17950c2b895_-2d5",129,1,"5.262.919.626.914","522.399.402",66,112,"Metán",66112,11738,99.9,0.1,84.5,10,10.5,0.1,0,0.8,2.2,0,0.9,1.5,13.1,"Salta"
"departamentos.fid--bb562cf_17950c2b895_-2d4",130,1,"540.432.545.465","128.830.026",66,35,"Cerrillos",66035,11081,99.9,0.1,76.4,10.6,0.5,2.7,0,1.7,5.1,0,2.3,1.2,52.2,"Salta"
"departamentos.fid--bb562cf_17950c2b895_-2d3",131,1,"1.053.562.380.567","204.302.588",66,42,"Chicoana",66042,5329,99.8,0.2,72.1,18.2,2.1,0,0,1.5,3.1,0,3.2,1.9,26.1,"Salta"
"departamentos.fid--bb562cf_17950c2b895_-2d2",132,1,"2.789.697.017.439","308.938.512",66,63,"Guachipas",66063,792,99.4,0.6,93.8,2.3,0,0,0,0,0.4,0,3.2,0.4,53.1,"Salta"
"departamentos.fid--bb562cf_17950c2b895_-2d1",133,1,"2.004.489.069.263","346.233.157",66,98,"La Viña",66098,1515,99.7,0.3,88.9,2.6,0,0,0,0.2,4.7,0.1,3.2,0.1,21.6,"Salta"
"departamentos.fid--bb562cf_17950c2b895_-2d0",134,1,"5.428.637.573.993","409.348.197",66,140,"Rosario de la Frontera",66140,8639,99.8,0.2,90.4,5.1,6.6,0.1,0,0.3,1.3,0,1.9,0.8,16.4,"Salta"
"departamentos.fid--bb562cf_17950c2b895_-2cf",135,1,"6.939.826.070.765","425.870.727",86,133,"Pellegrini",86133,2418,99.9,0.1,96.1,3,1.4,0,0,0,0,0.2,0.7,0,56.2,"Santiago del Estero"
"departamentos.fid--bb562cf_17950c2b895_-2ce",136,1,"5.579.353.454.581","465.634.209",86,91,"Jiménez",86091,1337,98.5,1.5,99.5,0.2,0,0,0,0,0,0,0.3,0,18.4,"Santiago del Estero"
"departamentos.fid--bb562cf_17950c2b895_-2cd",137,1,"1.208.565.482.593","192.962.961",90,14,"Cruz Alta",90014,49013,100,0,85.5,12.9,8.9,0,0,0.1,1,0,0.4,0.1,26.5,"Tucumán"
"departamentos.fid--bb562cf_17950c2b895_-2cc",138,1,"3.631.864.463.899","322680.2",90,7,"Burruyacú",90007,2420,100,0,84,14.7,0,0,0,0,0.8,0,0.5,0,12.6,"Tucumán"
"departamentos.fid--bb562cf_17950c2b895_-2cb",139,1,"1.173.995.334.714","286.694.926",90,105,"Tafí Viejo",90105,39061,99.9,0.1,86,11.7,17.7,0.7,0,0.1,1,0,0.5,0.1,17.8,"Tucumán"
"departamentos.fid--bb562cf_17950c2b895_-2ca",140,1,"91.211.256.867","48.061.636",90,84,"Capital",90084,196391,99.9,0.1,57.7,40.6,61.1,0.2,0,0.4,0.6,0,0.4,0.2,3.8,"Tucumán"
"departamentos.fid--bb562cf_17950c2b895_-2c9",141,1,"460183096.67","153.995.478",90,28,"Famaillá",90028,7311,100,0,78.8,19.2,8.5,0,0,0.2,1.1,0,0.7,0.1,17.9,"Tucumán"
"departamentos.fid--bb562cf_17950c2b895_-2c8",142,1,"617.422.809.056","221.623.467",90,63,"Lules",90063,24713,100,0,84.1,11.8,20.3,2.5,0,0.1,1,0,0.5,0,47.9,"Tucumán"
"departamentos.fid--bb562cf_17950c2b895_-2c7",143,1,"149.313.191.396","78.520.037",90,119,"Yerba Buena",90119,28060,100,0,76.7,8.2,15.7,13.4,0,0,1.2,0,0.3,0.2,25.1,"Tucumán"
"departamentos.fid--bb562cf_17950c2b895_-2c6",144,1,"2.452.550.667.831","318.306.702",90,98,"Tafí del Valle",90098,3680,97.7,2.3,85.4,12.5,0,0.5,0,0,1.3,0,0.3,0.1,44.7,"Tucumán"
"departamentos.fid--bb562cf_17950c2b895_-2c5",145,1,"3.015.899.647.009","299.941.783",90,112,"Trancas",90112,5223,99.5,0.5,91.5,6,0,0.1,0.2,0.8,0.9,0,0.4,0,16.9,"Tucumán"
"departamentos.fid--bb562cf_17950c2b895_-2c4",146,1,"1.347.372.325.514","243.699.244",66,84,"La Candelaria",66084,1091,99.1,0.9,93.6,0.4,0,0,0,0.2,3.1,0,2.5,0.3,42.6,"Salta"
"departamentos.fid--bb562cf_17950c2b895_-2c3",147,1,"1.550.957.128.051","206.304.855",66,21,"Cafayate",66021,5322,97.6,2.4,89.6,1.5,56.6,0.9,0,0,5.1,0,2.3,0.6,34.4,"Salta"
"departamentos.fid--bb562cf_17950c2b895_-2c2",148,1,"28.108.980.002.556","834.409.574",10,28,"Antofagasta de la Sierra",10028,NA,NA,NA,NA,NA,NA,NA,NA,NA,NA,NA,NA,NA,NA,"Catamarca"
"departamentos.fid--bb562cf_17950c2b895_-2c1",149,1,"12.646.350.163.527","775.632.587",10,35,"Belén",10035,6148,99.8,0.2,89.7,5.7,20.6,0,0,0.5,3.5,0,0.5,0,44.4,"Catamarca"
"departamentos.fid--bb562cf_17950c2b895_-2c0",150,1,"5.507.867.513.639","415394.85",10,91,"Santa María",10091,6737,99.7,0.3,85.6,10.1,0.6,0,0,0,3.7,0,0.6,0,27.3,"Catamarca"
"departamentos.fid--bb562cf_17950c2b895_-2bf",151,1,"22.679.132.714.525","1033927.27",10,105,"Tinogasta",10105,6802,99.3,0.7,96.1,0.9,0,0,0,0,2.6,0,0.4,0,47.1,"Catamarca"
"departamentos.fid--bb562cf_17950c2b895_-2be",152,1,"5.437.697.441.464","385.231.685",10,21,"Andalgalá",10021,4558,99.8,0.2,94.8,3.2,0,0,0,0,1.4,0.1,0.5,0,39.5,"Catamarca"
"departamentos.fid--bb562cf_17950c2b895_-2bd",153,1,"1.819.032.293.279","264.088.233",10,7,"Ambato",10007,NA,NA,NA,NA,NA,NA,NA,NA,NA,NA,NA,NA,NA,NA,"Catamarca"
"departamentos.fid--bb562cf_17950c2b895_-2bc",154,1,"959.465.331.698","163.557.531",90,49,"La Cocha",90049,2398,100,0,88,10.5,0,0,0,0,1.3,0,0.1,0,18.6,"Tucumán"
"departamentos.fid--bb562cf_17950c2b895_-2bb",155,1,"1.691.804.493.148","230.869.004",90,35,"Graneros",90035,2436,100,0,80.3,16.2,0,0,0,0,2.9,0,0.6,0,10.9,"Tucumán"
"departamentos.fid--bb562cf_17950c2b895_-2ba",156,1,"737.784.354.429","201.434.838",90,42,"Juan Bautista Alberdi",90042,6790,99.7,0.3,91.4,6.6,16.7,0,0,0.1,1.4,0,0.3,0.1,24.6,"Tucumán"
"departamentos.fid--bb562cf_17950c2b895_-2b9",157,1,"612.326.142.099","150.146.213",90,77,"Río Chico",90077,15163,100,0,90.9,7.8,15.9,0,0,0,1.1,0,0.2,0.1,13.4,"Tucumán"
"departamentos.fid--bb562cf_17950c2b895_-2b8",158,1,"1.292.902.433.141","228.795.882",90,21,"Chicligasta",90021,20291,100,0,82.7,16,21.8,0,0,0.1,0.7,0,0.4,0.1,8.3,"Tucumán"
"departamentos.fid--bb562cf_17950c2b895_-2b7",159,1,"1.191.075.680.437","237.224.245",90,70,"Monteros",90070,16269,100,0,83.7,13.4,21.4,0.1,0.5,0,1.6,0,0.5,0.2,11.9,"Tucumán"
"departamentos.fid--bb562cf_17950c2b895_-2b6",160,1,"1.973.422.879.871","294.840.668",90,56,"Leales",90056,5932,100,0,92.4,6,0.3,0,0,0.1,1.2,0,0.3,0,19.9,"Tucumán"
"departamentos.fid--bb562cf_17950c2b895_-2b5",161,1,"1.338.366.230.315","249.748.436",90,91,"Simoca",90091,3482,99.3,0.7,89.8,8,0,0.2,0,0,1.7,0,0.2,0,12.7,"Tucumán"
"departamentos.fid--bb562cf_17950c2b895_-2b4",164,1,"2.663.600.104.891","261.869.189",86,84,"Guasayán",86084,NA,NA,NA,NA,NA,NA,NA,NA,NA,NA,NA,NA,NA,NA,"Santiago del Estero"
"departamentos.fid--bb562cf_17950c2b895_-2b3",273,1,"6057567999.24","372.191.061",86,77,"General Taboada",86077,9480,100,0,99,0.5,19.1,0,0,0.1,0.1,0,0.3,0,19,"Santiago del Estero"
"departamentos.fid--bb562cf_17950c2b895_-2b2",274,1,"9.249.269.705.005","506786.64",86,98,"Juan F. Ibarra",86098,NA,NA,NA,NA,NA,NA,NA,NA,NA,NA,NA,NA,NA,NA,"Santiago del Estero"
"departamentos.fid--bb562cf_17950c2b895_-2b1",275,1,"1.684.019.514.256","249.426.769",86,182,"Sarmiento",86182,899,100,0,99.4,0,0,0,0,0,0.1,0,0.4,0,38.3,"Santiago del Estero"
"departamentos.fid--bb562cf_17950c2b895_-2b0",330,1,"1.571.676.860.453","261.764.482",54,91,"Oberá",54091,34230,99.9,0.1,61.4,34.2,11.4,0,2.2,0.2,1.5,0,0.4,0.2,13.7,"Misiones"
"departamentos.fid--bb562cf_17950c2b895_-2af",331,1,"1.653.231.745.777","334172.99",54,119,"25 de mayo",54119,2197,99.9,0.1,74.6,23.5,0,0,0,0,1.8,0,0.1,0,42,"Misiones"
"departamentos.fid--bb562cf_17950c2b895_-2ae",332,1,"1548622797.32","317.902.274",54,14,"Cainguás",54014,13984,99.8,0.2,78.8,16.7,0.3,0,1.6,0.4,2,0,0.5,0,33,"Misiones"
"departamentos.fid--bb562cf_17950c2b895_-2ad",162,1,"2.046.910.713.808","241.933.909",86,147,"Río Hondo",86147,NA,NA,NA,NA,NA,NA,NA,NA,NA,NA,NA,NA,NA,NA,"Santiago del Estero"
"departamentos.fid--bb562cf_17950c2b895_-2ac",286,1,"1.516.705.654.511","240.484.359",22,28,"Chacabuco",22028,11230,99.8,0.2,86.5,10.5,4.9,0.3,0,0,2.2,0,0.4,0.1,26.9,"Chaco"
"departamentos.fid--bb562cf_17950c2b895_-2ab",333,1,"3277490368.6","419.640.013",54,56,"Guaraní",54056,14592,99.8,0.2,71.2,25.2,2.6,0,0.5,0.1,2.4,0,0.6,0,35.6,"Misiones"
"departamentos.fid--bb562cf_17950c2b895_-2aa",334,1,"4.080.537.140.549","530770.89",54,112,"San Pedro",54112,4743,99.9,0.1,71,25.6,1.6,0,0,0,2.5,0,0.8,0,13.9,"Misiones"
"departamentos.fid--bb562cf_17950c2b895_-2a9",335,1,"1723690494.15","289.877.381",54,42,"Eldorado",54042,26455,99.9,0.1,64.1,34,13.7,0,0.6,0.1,0.7,0,0.4,0.1,10.2,"Misiones"
"departamentos.fid--bb562cf_17950c2b895_-2a8",163,1,"3.461.130.041.452","340680.66",86,35,"Banda",86035,4320,100,0,99.9,0,100,0,0,0,0,0,0,0,24.6,"Santiago del Estero"
"departamentos.fid--bb562cf_17950c2b895_-2a7",193,1,"66.937.784.656","46.301.446",70,42,"Chimbas",70042,26302,100,0,83.4,15.1,1.5,0.2,0,0,0.7,0,0.5,0.1,31.1,"San Juan"
"departamentos.fid--bb562cf_17950c2b895_-2a6",165,1,"2.124.620.189.786","254936.38",86,49,"Capital",86049,NA,NA,NA,NA,NA,NA,NA,NA,NA,NA,NA,NA,NA,NA,"Santiago del Estero"
"departamentos.fid--bb562cf_17950c2b895_-2a5",166,1,"1.230.629.934.866","171.289.424",86,189,"Silipica",86189,NA,NA,NA,NA,NA,NA,NA,NA,NA,NA,NA,NA,NA,NA,"Santiago del Estero"
"departamentos.fid--bb562cf_17950c2b895_-2a4",167,1,"1.588.916.096.351","207.303.036",10,98,"Santa Rosa",10098,1717,99.9,0.1,94.2,3.8,0,0,0,0.5,1.2,0,0.3,0,31.8,"Catamarca"
"departamentos.fid--bb562cf_17950c2b895_-2a3",168,1,"984.389.866.844","205.140.861",10,77,"Paclín",10077,NA,NA,NA,NA,NA,NA,NA,NA,NA,NA,NA,NA,NA,NA,"Catamarca"
"departamentos.fid--bb562cf_17950c2b895_-2a2",169,1,"185.845.686.687","79.875.478",10,63,"Fray Mamerto Esquiú",10063,4108,99.8,0.2,96.6,0.8,0,0,0,0,2,0,0.3,0.2,34.6,"Catamarca"
"departamentos.fid--bb562cf_17950c2b895_-2a1",170,1,"398.625.999.974","102.822.489",10,49,"Capital",10049,60611,99.9,0.1,86.2,11.8,35,0,0,0.3,1,0,0.5,0.3,11.8,"Catamarca"
"departamentos.fid--bb562cf_17950c2b895_-2a0",171,1,"1914542993.38","231.281.526",10,56,"El Alto",10056,NA,NA,NA,NA,NA,NA,NA,NA,NA,NA,NA,NA,NA,NA,"Catamarca"
"departamentos.fid--bb562cf_17950c2b895_-29f",172,1,"610.369.449.633","145.463.648",10,112,"Valle viejo",10112,10369,99.8,0.2,93,2.7,2.9,0.7,0,0,3.2,0,0.4,0,47.6,"Catamarca"
"departamentos.fid--bb562cf_17950c2b895_-29e",173,1,"6.191.953.514.186","496.690.093",86,63,"Choya",86063,10635,99.9,0.1,95.9,2.8,11.9,0.1,0,0.1,0.2,0,0.8,0.1,9.9,"Santiago del Estero"
"departamentos.fid--bb562cf_17950c2b895_-29d",174,1,"3.117.201.525.237","341926.22",86,105,"Loreto",86105,3943,99.8,0.2,87.5,10.1,2.8,0,0,0,1,0,1.4,0,21.4,"Santiago del Estero"
"departamentos.fid--bb562cf_17950c2b895_-29c",194,1,"4.478.480.370.032","345.402.599",70,112,"Ullum",70112,1986,99.5,0.5,80.3,13.4,0,0,0,0,1.8,3.3,0.9,0.4,42.5,"San Juan"
"departamentos.fid--bb562cf_17950c2b895_-29b",200,1,"54.139.860.413","31.560.652",70,98,"Santa Lucía",70098,18112,100,0,67.8,25.2,16.9,5.1,0.1,0,0.8,0,0.6,0.4,14.6,"San Juan"
"departamentos.fid--bb562cf_17950c2b895_-29a",336,1,"1.462.353.616.235","225.473.625",54,77,"Libertador General San Martín",54077,12390,99.9,0.1,74.7,22.2,3.5,0.1,1.2,0,1.6,0,0.1,0,19.2,"Misiones"
"departamentos.fid--bb562cf_17950c2b895_-299",337,1,"1.763.713.139.477","251733.49",54,84,"Montecarlo",54084,10073,99.8,0.2,79.9,19,0,0,0.1,0,0.7,0,0.3,0,29.2,"Misiones"
"departamentos.fid--bb562cf_17950c2b895_-298",338,1,"2.741.074.255.264","326.942.973",54,63,"Iguazú",54063,34395,99.3,0.7,59.9,32.4,2.3,0.2,5.6,0,1.2,0,0.6,0.1,19.4,"Misiones"
"departamentos.fid--bb562cf_17950c2b895_-297",339,1,"2.991.230.588.373","429.300.842",54,49,"General Manuel Belgrano",54049,10598,99.9,0.1,81.9,16,0.8,0.2,0,0.1,1.6,0,0.2,0,39.9,"Misiones"
"departamentos.fid--bb562cf_17950c2b895_-296",175,1,"3.274.426.760.644","266.315.456",14,154,"Sobremonte",14154,1048,99.6,0.4,83,9.9,1.9,0,0,0,6.4,0,0.7,0,17,"Córdoba"
"departamentos.fid--bb562cf_17950c2b895_-295",176,1,"8.283.485.400.237","453.039.254",10,70,"La Paz",10070,6138,99.7,0.3,96,2.3,0,0,0,0,1.1,0,0.4,0.1,29.8,"Catamarca"
"departamentos.fid--bb562cf_17950c2b895_-294",177,1,"1.965.191.776.236","333.507.721",10,14,"Ancasti",10014,NA,NA,NA,NA,NA,NA,NA,NA,NA,NA,NA,NA,NA,NA,"Catamarca"
"departamentos.fid--bb562cf_17950c2b895_-293",178,1,"4.347.477.669.988","451.765.923",10,42,"Capayán",10042,2433,99.9,0.1,99,0.4,0,0,0,0,0.3,0,0.3,0,46.8,"Catamarca"
"departamentos.fid--bb562cf_17950c2b895_-292",179,1,"13.428.042.164.204","531.957.513",46,14,"Capital",46014,77683,99.9,0.1,79.2,17.6,29.6,0.2,0,0.2,1.7,0.1,0.8,0.2,18.8,"La Rioja"
"departamentos.fid--bb562cf_17950c2b895_-291",196,1,"2.555.542.439.654","231.345.614",70,14,"Angaco",70014,1790,99.9,0.1,88.3,8.9,0,0.1,0,0,2.2,0,0.4,0.1,21.7,"San Juan"
"departamentos.fid--bb562cf_17950c2b895_-290",340,1,"13876048442.88","687.628.696",34,7,"Bermejo",34007,1919,99.9,0.1,93.5,3.4,0,0,0,0.5,2.5,0,0.1,0,49.9,"Formosa"
"departamentos.fid--bb562cf_17950c2b895_-28f",180,1,"5.242.785.812.177","307956.67",46,42,"Chilecito",46042,17567,99.8,0.2,87.1,9.3,6.7,0,0,2.1,0.6,0,0.5,0.4,26.3,"La Rioja"
"departamentos.fid--bb562cf_17950c2b895_-28e",201,1,"26.695.894.503","24.175.361",70,28,"Capital",70028,47163,99.8,0.2,58.4,38.4,50.9,0.8,0.1,0.2,0.5,0,0.6,1.1,3.3,"San Juan"
"departamentos.fid--bb562cf_17950c2b895_-28d",353,1,"4.378.593.515.997","396.094.577",30,77,"Nogoyá",30077,2062,100,0,97.4,2.1,0,0,0,0,0,0,0.5,0,2.6,"Entre Ríos"
"departamentos.fid--bb562cf_17950c2b895_-28c",181,1,"1.304.188.684.261","157.377.146",46,126,"Sanagasta",46126,1593,99.9,0.1,48.4,2.1,0,0,0,0,3.5,45.7,0.3,0.1,43.3,"La Rioja"
"departamentos.fid--bb562cf_17950c2b895_-28b",182,1,"4.169.659.215.457","284.464.171",46,49,"Famatina",46049,1147,99.5,0.5,92.9,3.9,0,0,0,0,2.9,0,0.3,0,40.8,"La Rioja"
"departamentos.fid--bb562cf_17950c2b895_-28a",197,1,"551.114.071.047","118.303.808",70,91,"San Martín",70091,914,99.8,0.2,76.1,15.5,0,0,0,0,7.9,0,0.5,0,31.8,"San Juan"
"departamentos.fid--bb562cf_17950c2b895_-289",354,1,"2680879771.22","371.273.793",30,21,"Diamante",30021,18084,99.7,0.3,78.6,17.5,6.2,0,0,0,1.8,0,1,1.1,3.5,"Entre Ríos"
"departamentos.fid--bb562cf_17950c2b895_-288",355,1,"6.639.338.733.687","565.517.131",30,105,"Victoria",30105,NA,NA,NA,NA,NA,NA,NA,NA,NA,NA,NA,NA,NA,NA,"Entre Ríos"
"departamentos.fid--bb562cf_17950c2b895_-287",183,1,"1.438.842.726.384","211.449.632",46,119,"San Blas de Los Sauces",46119,1956,99.9,0.1,91.5,0.5,0,0,0,0,2.4,5.4,0.4,0,52.8,"La Rioja"
"departamentos.fid--bb562cf_17950c2b895_-286",184,1,"1.527.761.054.909","162.644.346",46,21,"Castro Barros",46021,NA,NA,NA,NA,NA,NA,NA,NA,NA,NA,NA,NA,NA,NA,"La Rioja"
"departamentos.fid--bb562cf_17950c2b895_-285",356,1,"2.006.587.441.903","324.466.571",82,119,"San Lorenzo",82119,73432,99.9,0.1,79.1,14.4,19.6,0.5,1.6,0,2.6,0.5,0.6,0.6,1.1,"Santa Fe"
"departamentos.fid--bb562cf_17950c2b895_-284",357,1,"3220320177.76","306.004.083",82,56,"Iriondo",82056,24866,99.9,0.1,84.4,11,31.6,0,1,0.1,1.5,0.3,1.1,0.6,1.2,"Santa Fe"
"departamentos.fid--bb562cf_17950c2b895_-283",185,1,"2.525.354.563.441","224.707.156",46,7,"Arauco",46007,5420,99.9,0.1,87.8,7.5,0,0,0,0.1,2.9,0,1.3,0.4,36.8,"La Rioja"
"departamentos.fid--bb562cf_17950c2b895_-282",186,1,"5.012.004.475.004","422.886.364",10,84,"Pomán",10084,2177,99.6,0.4,95.5,2.8,0,0,0,0,1.2,0,0.5,0,38.8,"Catamarca"
"departamentos.fid--bb562cf_17950c2b895_-281",187,1,"11.402.512.996.145","571.093.121",46,98,"Vinchina",46098,1094,100,0,95.6,0,0,0,0,0,2.1,1.4,0.6,0.3,46.3,"La Rioja"
"departamentos.fid--bb562cf_17950c2b895_-280",188,1,"6.129.878.076.732","473.616.904",46,77,"General Lamadrid",46077,NA,NA,NA,NA,NA,NA,NA,NA,NA,NA,NA,NA,NA,NA,"La Rioja"
"departamentos.fid--bb562cf_17950c2b895_-27f",189,1,"19153658869.05","823.389.405",70,49,"Iglesia",70049,1698,97.1,2.9,57,34.6,0,0,0,0,4.2,0.9,2.9,0.4,33.3,"San Juan"
"departamentos.fid--bb562cf_17950c2b895_-27e",190,1,"8.275.580.330.505","479.121.575",46,28,"Coronel Felipe Varela",46028,3383,99.7,0.3,90.7,4.9,5.5,0,0,0.3,3.3,0.4,0.4,0.1,30.3,"La Rioja"
"departamentos.fid--bb562cf_17950c2b895_-27d",191,1,"14.339.268.681.485","610.167.754",70,56,"Jachal",70056,4874,99.6,0.4,74.4,19.9,0.6,0,0,1.4,1.9,0.1,1.8,0.6,14.3,"San Juan"
"departamentos.fid--bb562cf_17950c2b895_-27c",192,1,"22.698.855.927.354","890.309.906",70,21,"Calingasta",70021,2750,98.9,1.1,75.2,21.2,0,0,0.2,0,1,0.9,1.3,0.1,36.8,"San Juan"
"departamentos.fid--bb562cf_17950c2b895_-27b",358,1,"2.449.556.840.774","268.270.379",82,7,"Belgrano",82007,17981,99.9,0.1,87.9,8.8,19.1,0,0,0,1.8,0,0.8,0.7,0.2,"Santa Fe"
"departamentos.fid--bb562cf_17950c2b895_-27a",359,1,"4.432.983.242.852","327.935.271",82,105,"San Jerónimo",82105,25677,99.8,0.2,89.5,6.7,15.1,0,0.4,0,1,0.4,1.4,0.5,1.6,"Santa Fe"
"departamentos.fid--bb562cf_17950c2b895_-279",195,1,"1.014.221.114.976","166.707.337",70,7,"Albardón",70007,8416,99.9,0.1,78.7,18.1,0.1,0.7,0,0,1.5,0.3,0.5,0.3,31.2,"San Juan"
"departamentos.fid--bb562cf_17950c2b895_-278",198,1,"285.655.987.443","109.894.042",70,77,"Rawson",70077,36337,100,0,72.2,25.6,22.8,0.7,0,0.1,0.4,0,0.7,0.3,16.3,"San Juan"
"departamentos.fid--bb562cf_17950c2b895_-277",199,1,"153.554.053.486","87309.12",70,63,"9 de julio",70063,2897,99.9,0.1,82.6,14.9,0,0.9,0,0,1.1,0.1,0.3,0.1,45.5,"San Juan"
"departamentos.fid--bb562cf_17950c2b895_-276",364,1,"9.191.125.395.601","591.648.922",14,63,"Marcos Juárez",14063,25921,99.8,0.2,89.7,7.7,8.8,0.1,0,0,1.7,0,0.6,0.2,1.7,"Córdoba"
"departamentos.fid--bb562cf_17950c2b895_-275",365,1,"7.928.639.831.792","505.358.904",14,56,"Juárez Celman",14056,21695,99.9,0.1,85.6,10.5,4.8,0,0,0,2.2,0,1.3,0.3,1.2,"Córdoba"
"departamentos.fid--bb562cf_17950c2b895_-274",202,1,"120.423.383.593","63.637.148",70,84,"Rivadavia",70084,30298,100,0,67.3,28.9,24.1,2.4,0,0,0.7,0,0.4,0.3,21.6,"San Juan"
"departamentos.fid--bb562cf_17950c2b895_-273",203,1,"2.418.987.205.298","264.423.728",70,133,"Zonda",70133,2222,99.3,0.7,76.4,16.1,0,1.5,2.3,0,1.6,1.6,0.5,0,34.1,"San Juan"
"departamentos.fid--bb562cf_17950c2b895_-272",207,1,"3.738.983.976.134","262.958.046",46,84,"General Ocampo",46084,1681,100,0,94.4,1.8,0,0,0,0,2.9,0,0.7,0.2,11.4,"La Rioja"
"departamentos.fid--bb562cf_17950c2b895_-271",208,1,"7.566.568.293.312","523.169.999",70,35,"Caucete",70035,8719,100,0,82,16.6,0,0,0,0,0.6,0,0.7,0.1,25,"San Juan"
"departamentos.fid--bb562cf_17950c2b895_-270",209,1,"5.273.312.537.379","567.518.692",70,119,"Valle Fértil",70119,2223,97.5,2.5,76.8,15,0,0,0,0,5.5,1.2,1.1,0.5,19.2,"San Juan"
"departamentos.fid--bb562cf_17950c2b895_-26f",210,1,"7.024.194.953.955","359.507.993",46,105,"Independencia",46105,NA,NA,NA,NA,NA,NA,NA,NA,NA,NA,NA,NA,NA,NA,"La Rioja"
"departamentos.fid--bb562cf_17950c2b895_-26e",215,1,"2.815.063.053.747","231.570.493",46,63,"General Belgrano",46063,2132,99.9,0.1,93,5.1,18.5,0,0,0,1.7,0,0.2,0,25.3,"La Rioja"
"departamentos.fid--bb562cf_17950c2b895_-26d",204,1,"573.838.691.131","118.966.487",70,70,"Pocito",70070,15373,99.8,0.2,78.5,17.1,1.3,0.6,1.3,0,1.8,0.1,0.5,0.1,40.4,"San Juan"
"departamentos.fid--bb562cf_17950c2b895_-26c",205,1,"4.480.519.725.202","360.609.198",46,91,"General San Martín",46091,1259,99.8,0.2,88.5,8,0,0,0,0,3,0,0.4,0.1,16.4,"La Rioja"
"departamentos.fid--bb562cf_17950c2b895_-26b",206,1,"4.967.813.629.064","297.039.752",46,112,"Rosario Vera Peñaloza",46112,5353,99.9,0.1,92,6,0,0,0,0,1.1,0,0.9,0,19.1,"La Rioja"
"departamentos.fid--bb562cf_17950c2b895_-26a",249,1,"1.503.309.756.206","250.678.525",18,91,"Lavalle",18091,1595,100,0,72.3,24.4,0,0,0,0,1.6,0,1.7,0,11.8,"Corrientes"
"departamentos.fid--bb562cf_17950c2b895_-269",250,1,"8.314.875.593.777","702475.36",18,35,"Curuzú Cuatiá",18035,16178,99.9,0.1,79,17.2,6.5,0.2,0,0.5,0.9,0,1.9,0.2,9.3,"Corrientes"
"departamentos.fid--bb562cf_17950c2b895_-268",211,1,"3.126.782.339.882","275.328.444",46,56,"General  Angel V. Peñaloza",46056,NA,NA,NA,NA,NA,NA,NA,NA,NA,NA,NA,NA,NA,NA,"La Rioja"
"departamentos.fid--bb562cf_17950c2b895_-267",212,1,"4.305.887.804.604","316.242.724",46,70,"General Juan F. Quiroga",46070,NA,NA,NA,NA,NA,NA,NA,NA,NA,NA,NA,NA,NA,NA,"La Rioja"
"departamentos.fid--bb562cf_17950c2b895_-266",213,1,"3.570.888.022.663","280.845.254",14,70,"Minas",14070,NA,NA,NA,NA,NA,NA,NA,NA,NA,NA,NA,NA,NA,NA,"Córdoba"
"departamentos.fid--bb562cf_17950c2b895_-265",214,1,"6.828.508.985.885","519.099.202",14,28,"Cruz del Eje",14028,4287,99.5,0.5,89.3,7.6,4.3,0,0,0.1,2.4,0,0.6,0,3.9,"Córdoba"
"departamentos.fid--bb562cf_17950c2b895_-264",216,1,"5.509.484.090.021","298.981.574",46,35,"Chamical",46035,5556,99.9,0.1,93.5,5.4,0,0,0,0,0.3,0,0.7,0,16.2,"La Rioja"
"departamentos.fid--bb562cf_17950c2b895_-263",217,1,"5.044.059.096.363","356854.74",14,49,"Ischilín",14049,12565,99.8,0.2,79.2,14.9,1.4,0,0,0,4.4,0,1.2,0.3,4.2,"Córdoba"
"departamentos.fid--bb562cf_17950c2b895_-262",218,1,"3.050.681.241.048","373.132.074",14,168,"Totoral",14168,NA,NA,NA,NA,NA,NA,NA,NA,NA,NA,NA,NA,NA,NA,"Córdoba"
"departamentos.fid--bb562cf_17950c2b895_-261",219,1,"2.368.235.150.033","287771.89",14,21,"Colón",14021,74369,99.8,0.2,71.1,19.2,5.4,6.5,0.3,0,2.1,0,0.4,0.3,7.2,"Córdoba"
"departamentos.fid--bb562cf_17950c2b895_-260",220,1,"575.995.763.793","95.999.406",14,14,"Capital",14014,560755,99.9,0.1,50.5,45.3,57.5,2.2,0.8,0.1,0.5,0,0.4,0.2,5.8,"Córdoba"
"departamentos.fid--bb562cf_17950c2b895_-25f",221,1,"2477674284.55","328.141.594",14,91,"Punilla",14091,7111,97,3,79,18.4,0,0,0,0,1.7,0.2,0.2,0.5,5,"Córdoba"
"departamentos.fid--bb562cf_17950c2b895_-25e",222,1,"3.389.858.880.184","344.514.588",14,126,"San Alberto",14126,NA,NA,NA,NA,NA,NA,NA,NA,NA,NA,NA,NA,NA,NA,"Córdoba"
"departamentos.fid--bb562cf_17950c2b895_-25d",223,1,"3.066.301.745.891","288.345.534",14,77,"Pocho",14077,NA,NA,NA,NA,NA,NA,NA,NA,NA,NA,NA,NA,NA,NA,"Córdoba"
"departamentos.fid--bb562cf_17950c2b895_-25c",224,1,"3.252.722.631.256","483.110.135",14,147,"Santa María",14147,14594,99.3,0.7,82,9.7,0,1.3,0,0.1,6.2,0.1,0.5,0.1,13.9,"Córdoba"
"departamentos.fid--bb562cf_17950c2b895_-25b",225,1,"5.152.135.489.396","428.139.137",14,119,"Río Segundo",14119,40689,99.9,0.1,83.3,11.6,7.4,0,0.4,0.1,3.1,0,1,0.6,2,"Córdoba"
"departamentos.fid--bb562cf_17950c2b895_-25a",226,1,"15.553.442.154.015","689.557.252",14,140,"San Justo",14140,57118,99.6,0.4,86.6,11.2,14,0.1,0,0,1.2,0,0.7,0.1,2.9,"Córdoba"
"departamentos.fid--bb562cf_17950c2b895_-259",227,1,"6.729.581.135.083","436.121.213",14,105,"Río Primero",14105,15385,99.9,0.1,79.5,15.4,0.2,0,0.7,0,3.4,0,0.8,0.1,3.7,"Córdoba"
"departamentos.fid--bb562cf_17950c2b895_-258",228,1,"9.749.042.690.933","803.255.871",14,175,"Tulumba",14175,2253,99.8,0.2,87.1,6.5,0,0,0,0.2,4.7,0,1.4,0.1,8.5,"Córdoba"
"departamentos.fid--bb562cf_17950c2b895_-257",229,1,"6.825.017.882.808","540635.92",14,112,"Río Seco",14112,3281,99.8,0.2,79.8,13.3,1.8,0,0,0,5.8,0,1,0,27.7,"Córdoba"
"departamentos.fid--bb562cf_17950c2b895_-256",251,1,"2.492.825.407.305","331013.02",18,175,"Sauce",18175,3009,99.8,0.2,84.1,14.6,1.6,0,0,0,0.6,0,0.7,0,4.1,"Corrientes"
"departamentos.fid--bb562cf_17950c2b895_-255",252,1,"4.893.323.610.111","470.494.281",18,119,"Paso de los Libres",18119,16567,99.8,0.2,78.4,19,8.9,0,0.7,0.1,0.4,0,1.2,0.2,22.2,"Corrientes"
"departamentos.fid--bb562cf_17950c2b895_-254",253,1,"9.744.581.661.906","619.382.336",18,105,"Mercedes",18105,13256,99.9,0.1,87.5,9.6,5.5,0,0,0.6,0.8,0,1.3,0.1,16,"Corrientes"
"departamentos.fid--bb562cf_17950c2b895_-253",254,1,"6.653.153.270.026","547.681.914",18,147,"San Martín",18147,3217,99.8,0.2,87.4,9.1,0,0,0,1,1.3,0,1.2,0,15.7,"Corrientes"
"departamentos.fid--bb562cf_17950c2b895_-252",255,1,"1.948.418.921.626","303.589.399",18,56,"General Alvear",18056,2909,99.9,0.1,88.3,10,0,0,0,0,0.8,0,0.9,0,24.7,"Corrientes"
"departamentos.fid--bb562cf_17950c2b895_-251",256,1,"7.006.349.384.375","522.036.381",18,168,"Santo Tomé",18168,NA,NA,NA,NA,NA,NA,NA,NA,NA,NA,NA,NA,NA,NA,"Corrientes"
"departamentos.fid--bb562cf_17950c2b895_-250",230,1,"3.366.106.803.615","279.180.474",86,154,"Rivadavia",86154,1166,99.1,0.9,98.4,1,9.1,0,0,0.2,0,0,0.5,0,46.2,"Santiago del Estero"
"departamentos.fid--bb562cf_17950c2b895_-24f",231,1,"14.663.546.494.044","771.819.278",82,91,"San Cristóbal",82091,22141,99.8,0.2,89,7.4,9.9,0,0,0,1.5,0.1,1.3,0.7,1.4,"Santa Fe"
"departamentos.fid--bb562cf_17950c2b895_-24e",232,1,"5.612.044.093.417","671.101.421",82,112,"San Justo",82112,12898,99.9,0.1,86.4,10.9,4.1,0,0.1,0,0.8,0,1,0.9,2.6,"Santa Fe"
"departamentos.fid--bb562cf_17950c2b895_-24d",233,1,"4.054.775.509.241","339.878.987",82,35,"Garay",82035,6237,98.3,1.7,91.6,3.8,1.3,0,0,0,1.4,2.1,0.9,0.2,17.4,"Santa Fe"
"departamentos.fid--bb562cf_17950c2b895_-24c",234,1,"2.979.429.084.753","498317.82",82,63,"La Capital",82063,219042,99.9,0.1,72.1,23.5,54.9,0.8,0.6,0,0.5,0.9,1.1,0.5,2.9,"Santa Fe"
"departamentos.fid--bb562cf_17950c2b895_-24b",235,1,"6.301.155.077.971","593.394.187",82,70,"Las Colonias",82070,35508,99.9,0.1,86.1,11.5,17.8,0,0,0,1.3,0,0.7,0.4,0.7,"Santa Fe"
"departamentos.fid--bb562cf_17950c2b895_-24a",259,1,"1.785.773.674.167","263.755.145",18,7,"Bella Vista",18007,10519,99.9,0.1,81,16.3,3.4,0,0.1,0.5,0.3,0,1.7,0.1,8.4,"Corrientes"
"departamentos.fid--bb562cf_17950c2b895_-249",260,1,"5.281.563.882.098","349.750.712",18,28,"Concepción",18028,5160,99.9,0.1,73.4,20.7,2.2,0,1.2,1,1.6,0,1.8,0.3,30.7,"Corrientes"
"departamentos.fid--bb562cf_17950c2b895_-248",261,1,"2.428.000.783.786","322.959.662",18,161,"San Roque",18161,5182,99.9,0.1,82.7,15,1,0,0,0,1.1,0,1.1,0.1,19.5,"Corrientes"
"departamentos.fid--bb562cf_17950c2b895_-247",262,1,"11.083.271.305.066","653.370.182",82,49,"General Obligado",82049,56019,99.9,0.1,77.2,20.3,11.9,0.4,0,0.1,1.4,0.1,0.2,0.3,4.6,"Santa Fe"
"departamentos.fid--bb562cf_17950c2b895_-246",263,1,"17.304.602.555.728","644.121.619",82,77,"9 de julio",82077,7800,99.7,0.3,90.3,7.2,4.6,0,0.2,0,1,0,0.9,0.3,1.3,"Santa Fe"
"departamentos.fid--bb562cf_17950c2b895_-245",264,1,"20733959179.73","921.832.039",82,133,"Vera",82133,13683,99.9,0.1,89.7,8.2,0.5,0,0.6,0,0.6,0,0.5,0.5,6.9,"Santa Fe"
"departamentos.fid--bb562cf_17950c2b895_-244",265,1,"3.343.309.509.696","363.226.814",86,42,"Belgrano",86042,2085,99.6,0.4,99.6,0,0,0,0,0,0,0,0.4,0,24.4,"Santiago del Estero"
"departamentos.fid--bb562cf_17950c2b895_-243",266,1,"4.101.484.198.131","500.401.987",86,7,"Aguirre",86007,1918,96.7,3.3,99.9,0.1,0,0,0,0,0,0,0.1,0,31.8,"Santiago del Estero"
"departamentos.fid--bb562cf_17950c2b895_-242",267,1,"3.391.407.573.402","328.576.382",86,112,"Mitre",86112,NA,NA,NA,NA,NA,NA,NA,NA,NA,NA,NA,NA,NA,NA,"Santiago del Estero"
"departamentos.fid--bb562cf_17950c2b895_-241",268,1,"6.350.539.596.596","514.674.235",86,126,"Ojo de Agua",86126,974,99.9,0.1,99.7,0.2,0,0,0,0,0,0,0.1,0,100,"Santiago del Estero"
"departamentos.fid--bb562cf_17950c2b895_-240",269,1,"3.954.508.845.248","459.581.851",86,140,"Quebrachos",86140,2390,99.6,0.4,94.2,3.7,1.1,0,0,0,0.8,0,1.3,0.1,14.4,"Santiago del Estero"
"departamentos.fid--bb562cf_17950c2b895_-23f",270,1,"2.415.516.223.262","242.704.419",86,21,"Atamisqui",86021,1527,100,0,96.7,1,0,0,0,0,1.6,0,0.8,0,31.2,"Santiago del Estero"
"departamentos.fid--bb562cf_17950c2b895_-23e",271,1,"3.811.620.035.673","390.376.839",86,28,"Avellaneda",86028,1327,95.8,4.2,99.7,0.3,0,0,0,0,0,0,0,0,42.7,"Santiago del Estero"
"departamentos.fid--bb562cf_17950c2b895_-23d",272,1,"3.171.818.420.745","322.117.787",86,168,"Salavina",86168,1411,99.6,0.4,99.9,0,0,0,0,0,0,0,0.1,0,50.1,"Santiago del Estero"
"departamentos.fid--bb562cf_17950c2b895_-23c",236,1,"6.728.189.095.495","365.358.874",82,21,"Castellanos",82021,64008,99.8,0.2,75.5,20.7,17.8,0,0.1,0,1.1,0.1,1.4,1,0.4,"Santa Fe"
"departamentos.fid--bb562cf_17950c2b895_-23b",237,1,"5.107.874.939.663","459.764.433",30,84,"Paraná",30084,139393,99.9,0.1,69.7,26.5,47.4,0.1,1.2,0.1,0.8,0,0.9,0.5,4.1,"Entre Ríos"
"departamentos.fid--bb562cf_17950c2b895_-23a",238,1,"6.578.273.571.552","513.546.185",30,113,"Villaguay",30113,1027,100,0,99.1,0.6,0,0,0,0,0,0.1,0.1,0.1,8.7,"Entre Ríos"
"departamentos.fid--bb562cf_17950c2b895_-239",239,1,"5.212.187.426.349","562.909.676",30,35,"Federal",30035,7973,99.8,0.2,87.1,10.6,10.3,0,0,0.1,0.8,0,1.3,0.1,2.9,"Entre Ríos"
"departamentos.fid--bb562cf_17950c2b895_-238",240,1,"3.277.550.761.528","414.403.686",30,15,"Concordia",30015,1385,99.9,0.1,90,2.5,0,0,0,0.7,3.5,0,3.4,0,3.8,"Entre Ríos"
"departamentos.fid--bb562cf_17950c2b895_-237",241,1,"1330826944.13","279.326.694",30,88,"San Salvador",30088,6884,100,0,89.8,8.7,18.7,0,0,0,0.5,0,0.8,0.2,1.9,"Entre Ríos"
"departamentos.fid--bb562cf_17950c2b895_-236",242,1,"2.704.892.687.945","357.546.298",18,112,"Monte Caseros",18112,12342,99.8,0.2,83.1,13.4,14,0.1,0,0,1.4,0.1,1.5,0.4,6.7,"Corrientes"
"departamentos.fid--bb562cf_17950c2b895_-235",243,1,"3.172.284.319.152","397.582.084",30,42,"Feliciano",30042,4176,99.9,0.1,90.2,7.7,13.7,0,0,0,1.9,0,0.2,0,7.3,"Entre Ríos"
"departamentos.fid--bb562cf_17950c2b895_-234",244,1,"3.771.770.453.051","384.759.604",30,28,"Federación",30028,22122,99.1,0.9,81.7,16.2,40.8,0,0,0,1.9,0,0.1,0,3.1,"Entre Ríos"
"departamentos.fid--bb562cf_17950c2b895_-233",245,1,"6.641.346.708.987","553.497.036",30,70,"La Paz",30070,13573,99.5,0.5,86.6,9.6,12.4,0,2,0.1,0.8,0,0.7,0.2,6.4,"Entre Ríos"
"departamentos.fid--bb562cf_17950c2b895_-232",246,1,"6.672.288.587.174","610232.63",82,98,"San Javier",82098,9625,99.7,0.3,91.1,6.8,0,0,0,0.2,0.9,0.4,0.3,0.3,2.2,"Santa Fe"
"departamentos.fid--bb562cf_17950c2b895_-231",247,1,"3.931.182.172.938","410.686.243",18,49,"Esquina",18049,NA,NA,NA,NA,NA,NA,NA,NA,NA,NA,NA,NA,NA,NA,"Corrientes"
"departamentos.fid--bb562cf_17950c2b895_-230",248,1,"4.799.033.855.307","388.710.832",18,70,"Goya",18070,27925,99.8,0.2,77.2,19.2,11.2,0,0,1.3,0.9,0,1,0.3,15.9,"Corrientes"
"departamentos.fid--bb562cf_17950c2b895_-22f",257,1,"998.545.407.612","173.617.607",18,98,"Mburucuyá",18098,3495,99.9,0.1,86.5,9.9,0,0,0,0,2.6,0,0.9,0.1,26.7,"Corrientes"
"departamentos.fid--bb562cf_17950c2b895_-22e",258,1,"1.919.598.904.314","280.825.894",18,126,"Saladas",18126,6430,100,0,84.5,12.2,0.4,0,0.5,0.2,1.3,0,1.3,0.1,17.5,"Corrientes"
"departamentos.fid--bb562cf_17950c2b895_-22d",276,1,"1.792.939.890.861","225.107.533",86,175,"San Martín",86175,NA,NA,NA,NA,NA,NA,NA,NA,NA,NA,NA,NA,NA,NA,"Santiago del Estero"
"departamentos.fid--bb562cf_17950c2b895_-22c",287,1,"2.764.057.356.831","280.010.621",22,36,"12 de octubre",22036,7439,99.9,0.1,89.9,8,0.5,0,0,0.1,1.9,0,0.2,0,40.2,"Chaco"
"departamentos.fid--bb562cf_17950c2b895_-22b",277,1,"1.355.290.792.854","185.690.505",86,161,"Robles",86161,9764,99.9,0.1,98.4,1.3,0.8,0,0,0,0,0,0.3,0,34.8,"Santiago del Estero"
"departamentos.fid--bb562cf_17950c2b895_-22a",278,1,"7.115.859.768.437","456.599.304",86,70,"Figueroa",86070,NA,NA,NA,NA,NA,NA,NA,NA,NA,NA,NA,NA,NA,NA,"Santiago del Estero"
"departamentos.fid--bb562cf_17950c2b895_-229",288,1,"1.301.664.798.492","195.164.953",22,49,"General Belgrano",22049,4578,100,0,98.4,1.2,12.3,0,0,0,0,0,0.2,0.2,19.2,"Chaco"
"departamentos.fid--bb562cf_17950c2b895_-228",279,1,"16.411.327.882.264","572.786.858",86,119,"Moreno",86119,6147,99.9,0.1,94.6,4.8,0.7,0,0,0,0.2,0,0.3,0.1,44.4,"Santiago del Estero"
"departamentos.fid--bb562cf_17950c2b895_-227",280,1,"1.596.380.542.591","178.648.374",22,39,"2 de abril",22039,2808,99.8,0.2,79,17.1,0,0,0,0,3,0,0.7,0.2,20,"Chaco"
"departamentos.fid--bb562cf_17950c2b895_-226",281,1,"2.231.111.042.341","256.912.795",22,43,"Fray Justo Santa María de Oro",22043,3169,99.9,0.1,82.3,16.6,0,0,0,0,1,0,0,0,23.7,"Chaco"
"departamentos.fid--bb562cf_17950c2b895_-225",282,1,"3.702.251.535.556","302.117.836",22,98,"Mayor Luis Jorge Fontana",22098,21536,99.9,0.1,83.6,14,6.4,0,0,0.1,1.9,0,0.3,0,21.2,"Chaco"
"departamentos.fid--bb562cf_17950c2b895_-224",283,1,"2.148.556.980.533","222.190.423",22,147,"San Lorenzo",22147,5157,99.9,0.1,97.4,2.1,0,0,0,0,0,0,0.4,0.1,55.6,"Chaco"
"departamentos.fid--bb562cf_17950c2b895_-223",284,1,"1.566.778.294.045","191.576.029",22,112,"O'Higgins",22112,6604,99.9,0.1,97.1,2.2,0.7,0,0,0,0,0,0.4,0.3,36,"Chaco"
"departamentos.fid--bb562cf_17950c2b895_-222",285,1,"2.165.550.449.126","285.380.618",22,105,"9 de julio",22105,10834,99.9,0.1,90.7,7.5,0.6,0,0,0,0.3,0,1,0.5,32.3,"Chaco"
"departamentos.fid--bb562cf_17950c2b895_-221",289,1,"2.375.684.547.721","291.715.726",22,168,"25 de mayo",22168,9378,99.9,0.1,84.3,11.5,1.3,0,0,0,2.8,0,1.2,0.2,36.3,"Chaco"
"departamentos.fid--bb562cf_17950c2b895_-220",290,1,"1.503.131.802.417","160.268.226",22,21,"Comandante Fernández",22021,41838,99.8,0.2,69.8,27.5,7.2,0,0,0,1.6,0,1,0,9.4,"Chaco"
"departamentos.fid--bb562cf_17950c2b895_-21f",291,1,"1.559.558.843.739","227.419.618",22,133,"Quitilipi",22133,10095,99.9,0.1,86,9.6,3.1,0,0.4,0.1,2,0,1.9,0,26.4,"Chaco"
"departamentos.fid--bb562cf_17950c2b895_-21e",292,1,"1923721624.76","220.443.359",22,70,"Independencia",22070,8119,99.8,0.2,80.3,15.6,0.2,0,0,0,2.9,0,1.1,0,39.9,"Chaco"
"departamentos.fid--bb562cf_17950c2b895_-21d",293,1,"2.915.133.725.434","234.690.069",22,91,"Maipú",22091,NA,NA,NA,NA,NA,NA,NA,NA,NA,NA,NA,NA,NA,NA,"Chaco"
"departamentos.fid--bb562cf_17950c2b895_-21c",294,1,"12.892.560.361.847","591.180.238",86,14,"Alberdi",86014,3603,99.6,0.4,97.5,2,0,0,0,0,0.5,0,0,0.1,66.6,"Santiago del Estero"
"departamentos.fid--bb562cf_17950c2b895_-21b",295,1,"13.055.803.494.039","617.513.696",86,56,"Copo",86056,7596,100,0,98.7,0.7,0,0,0,0,0.3,0,0.2,0,27.7,"Santiago del Estero"
"departamentos.fid--bb562cf_17950c2b895_-21a",306,1,"2.246.129.143.116","210.223.075",22,119,"Presidencia de la Plaza",22119,4247,99.9,0.1,88.8,8.9,5.3,0,0,0.1,1.4,0,0.7,0,40.1,"Chaco"
"departamentos.fid--bb562cf_17950c2b895_-219",307,1,"2.557.186.353.489","325.630.515",22,14,"Bermejo",22014,NA,NA,NA,NA,NA,NA,NA,NA,NA,NA,NA,NA,NA,NA,"Chaco"
"departamentos.fid--bb562cf_17950c2b895_-218",308,1,"3.586.068.041.601","341.248.326",34,21,"Laishí",34021,4114,99.6,0.4,92.4,2.7,0,0,0,1.2,1.6,2,0.2,0,8.6,"Formosa"
"departamentos.fid--bb562cf_17950c2b895_-217",309,1,"871335500.03","317.088.672",18,77,"Itatí",18077,2891,98.7,1.3,86,11.2,0,0,0,0,1.8,0,0.8,0.2,30.8,"Corrientes"
"departamentos.fid--bb562cf_17950c2b895_-216",296,1,"17.705.340.958.206","879.509.308",22,7,"Almirante Brown",22007,14344,99.8,0.2,78.9,15.8,0.3,0,0,0,4.4,0,0.7,0.1,28.1,"Chaco"
"departamentos.fid--bb562cf_17950c2b895_-215",297,1,"22498450748.53","897576.32",66,7,"Anta",66007,14055,99.8,0.2,83.6,10.5,0.7,0,0,1.3,1.9,0,2.2,0.5,24.4,"Salta"
"departamentos.fid--bb562cf_17950c2b895_-214",298,1,"26.212.005.128.975","915.640.922",34,35,"Patiño",34035,21873,99.9,0.1,93.1,4.3,1.6,0,0.1,0.9,1.5,0,0.1,0,24,"Formosa"
"departamentos.fid--bb562cf_17950c2b895_-213",299,1,"25.764.017.184.953","1.094.590.419",22,63,"General Güemes",22063,17376,99.8,0.2,91.8,6.3,0.5,0,0,0.1,1.4,0,0.4,0,28.7,"Chaco"
"departamentos.fid--bb562cf_17950c2b895_-212",300,1,"8.629.347.412.114","469.336.531",34,56,"Pirané",34056,22145,99.9,0.1,92.1,3.6,3.4,0,0,0.6,3.6,0,0.1,0,18.8,"Formosa"
"departamentos.fid--bb562cf_17950c2b895_-211",310,1,"592432395.28","151.164.799",18,133,"San Cosme",18133,6641,98.6,1.4,69.5,8.7,0,0,0,0.2,1.5,19.6,0.4,0.2,12.9,"Corrientes"
"departamentos.fid--bb562cf_17950c2b895_-210",311,1,"1.282.986.414.004","241.150.008",22,126,"1ro. de Mayo",22126,1390,100,0,85.3,12.7,0,0,0,0,1,0,0.9,0.1,17.2,"Chaco"
"departamentos.fid--bb562cf_17950c2b895_-20f",312,1,"1.519.144.605.787","190.066.386",22,56,"General Donovan",22056,NA,NA,NA,NA,NA,NA,NA,NA,NA,NA,NA,NA,NA,NA,"Chaco"
"departamentos.fid--bb562cf_17950c2b895_-20e",301,1,"6.503.223.150.164","400.804.757",34,14,"Formosa",34014,85173,99.8,0.2,78.9,15.2,14.5,0,0.2,2,3.2,0.1,0.4,0.1,35.6,"Formosa"
"departamentos.fid--bb562cf_17950c2b895_-20d",302,1,"5.349.454.987.458","493.808.674",34,49,"Pilcomayo",34049,6912,99.7,0.3,91.2,4.7,16,0,0,2.1,1.7,0,0.2,0,24.1,"Formosa"
"departamentos.fid--bb562cf_17950c2b895_-20c",303,1,"3.426.811.391.931","283.165.702",34,42,"Pilagás",34042,2991,99.6,0.4,93,3.3,7.1,0,0,1.5,2,0,0.1,0.1,29.5,"Formosa"
"departamentos.fid--bb562cf_17950c2b895_-20b",304,1,"7.199.189.407.247","627.893.826",22,84,"Libertador General San Martín",22084,17000,100,0,92.1,5.6,0,0,1.4,0.2,0.1,0,0.6,0,35,"Chaco"
"departamentos.fid--bb562cf_17950c2b895_-20a",305,1,"1.651.265.173.083","248.997.242",22,154,"Sargento Cabral",22154,4728,100,0,97.2,1.6,0,0,0.3,0.7,0,0,0.3,0,18.9,"Chaco"
"departamentos.fid--bb562cf_17950c2b895_-209",313,1,"1.040.463.004.432","192.789.588",22,77,"Libertad",22077,NA,NA,NA,NA,NA,NA,NA,NA,NA,NA,NA,NA,NA,NA,"Chaco"
"departamentos.fid--bb562cf_17950c2b895_-208",317,1,"555.563.634.032","111.317.822",18,21,"Capital",18021,926,99.9,0.1,87.2,11.9,0,0,0,0,0,0.5,0.1,0.2,5,"Corrientes"
"departamentos.fid--bb562cf_17950c2b895_-207",318,1,"2577281913.16","310.167.501",18,140,"San Luis del Palmar",18140,4912,100,0,74,23.3,0.2,0.1,0.1,0.8,0.9,0,0.7,0.2,8.4,"Corrientes"
"departamentos.fid--bb562cf_17950c2b895_-206",319,1,"3.061.487.600.867","314.944.879",18,154,"San Miguel",18154,1907,99.5,0.5,73,21.5,0,0,0,0,3,0,1.8,0.8,14.1,"Corrientes"
"departamentos.fid--bb562cf_17950c2b895_-205",320,1,"2.609.495.946.735","338.103.091",18,63,"General Paz",18063,4079,100,0,82.2,14.8,0,0,0,0.4,0.3,0.3,1.7,0.2,21.4,"Corrientes"
"departamentos.fid--bb562cf_17950c2b895_-204",321,1,"851.826.457.279","225.550.541",18,14,"Berón de Astrada",18014,NA,NA,NA,NA,NA,NA,NA,NA,NA,NA,NA,NA,NA,NA,"Corrientes"
"departamentos.fid--bb562cf_17950c2b895_-203",322,1,"9.675.334.305.139","900.562.232",18,84,"Ituzaingó",18084,1031,100,0,80.5,15.2,0,0,0,0.5,0.8,0.2,2.1,0.7,6.2,"Corrientes"
"departamentos.fid--bb562cf_17950c2b895_-202",323,1,"1.036.747.972.599","190674.88",54,7,"Apóstoles",54007,15426,100,0,77.4,18.4,1.6,0.5,1.1,0.1,1.6,0,0.4,0.5,18.4,"Misiones"
"departamentos.fid--bb562cf_17950c2b895_-201",314,1,"3.553.645.235.306","268192.48",22,140,"San Fernando",22140,NA,NA,NA,NA,NA,NA,NA,NA,NA,NA,NA,NA,NA,NA,"Chaco"
"departamentos.fid--bb562cf_17950c2b895_-200",315,1,"5.973.197.265.464","318.020.775",22,161,"Tapenagá",22161,NA,NA,NA,NA,NA,NA,NA,NA,NA,NA,NA,NA,NA,NA,"Chaco"
"departamentos.fid--bb562cf_17950c2b895_-1ff",316,1,"1.962.511.991.067","335.375.567",18,42,"Empedrado",18042,3896,99.5,0.5,85.2,12.7,0,0,0,0.3,0.1,1,0.6,0.1,7.6,"Corrientes"
"departamentos.fid--bb562cf_17950c2b895_-1fe",324,1,"777.332.475.757","139.201.414",54,35,"Concepción",54035,2442,99.9,0.1,91.6,8.2,0,0,0,0,0,0,0.2,0,26.1,"Misiones"
"departamentos.fid--bb562cf_17950c2b895_-1fd",325,1,"648.435.583.524","149302.65",54,105,"San Javier",54105,4046,100,0,92,7.2,0,0,0,0,0.7,0,0,0.1,29,"Misiones"
"departamentos.fid--bb562cf_17950c2b895_-1fc",326,1,"1.068.721.779.483","168.967.148",54,70,"Leandro N. Alem",54070,12198,99.9,0.1,74.9,22.2,2.2,0,0.5,0.3,1.5,0,0.2,0.3,15,"Misiones"
"departamentos.fid--bb562cf_17950c2b895_-1fb",327,1,"972.358.575.164","194.468.414",54,28,"Capital",54028,148726,99.9,0.1,55.4,38.5,32.8,0.2,4.3,0.1,0.7,0,0.5,0.4,5.5,"Misiones"
"departamentos.fid--bb562cf_17950c2b895_-1fa",328,1,"919.453.725.674","198.545.182",54,21,"Candelaria",54021,9152,99.9,0.1,80.9,15.7,0.6,0,0,0,3,0,0.4,0,25.1,"Misiones"
"departamentos.fid--bb562cf_17950c2b895_-1f9",329,1,"1.670.168.349.442","256.739.283",54,98,"San Ignacio",54098,16197,99.9,0.1,81.7,15.3,0.8,0.2,1.1,0,1.2,0,0.4,0.1,22.4,"Misiones"
"departamentos.fid--bb562cf_17950c2b895_-1f8",341,1,"4.058.339.715.267","320.450.898",34,28,"Matacos",34028,5017,99.8,0.2,92.1,4.4,0,0,0,0.8,2.5,0,0.1,0.1,30.7,"Formosa"
"departamentos.fid--bb562cf_17950c2b895_-1f7",342,1,"26.208.020.701.546","1.047.903.661",66,133,"Rivadavia",66133,5148,99.4,0.6,89.7,5.2,1.1,0,0,0.4,2.1,0,0.2,2.4,42.8,"Salta"
"departamentos.fid--bb562cf_17950c2b895_-1f6",343,1,"16.108.316.070.635","666.408.812",66,56,"General José de San Martín",66056,47936,99.9,0.1,89.9,6.2,18.7,0,0,0.4,1.4,0,1.5,0.7,25.4,"Salta"
"departamentos.fid--bb562cf_17950c2b895_-1f5",344,1,"3.837.287.970.112","366.488.188",34,63,"Ramón Lista",34063,689,99.9,0.1,96.9,2.5,0,0,0,0,0.6,0,0,0,100,"Formosa"
"departamentos.fid--bb562cf_17950c2b895_-1f4",345,1,"4.930.538.675.744","424.545.813",30,63,"Islas del Ibicuy",30063,2014,99.7,0.3,87.5,12.2,8.2,0,0,0,0,0,0.2,0,7.2,"Entre Ríos"
"departamentos.fid--bb562cf_17950c2b895_-1f3",346,1,"1.529.694.748.938","242.805.926",6,70,"Baradero",6070,12591,99.8,0.2,89.2,5.9,32.8,1.3,0,0,2.4,0.5,0.6,0.1,1.6,"Buenos Aires"
"departamentos.fid--bb562cf_17950c2b895_-1f2",347,1,"1.356.466.723.746","201.377.708",6,770,"San Pedro",6770,23124,99.6,0.4,87.3,9,43,0.3,0.6,0,1.7,0.1,0.5,0.6,2.8,"Buenos Aires"
"departamentos.fid--bb562cf_17950c2b895_-1f1",348,1,"6.610.076.399.266","742433.22",30,49,"Gualeguay",30049,2215,99.9,0.1,81.1,11,0,0,0,0.1,2.3,0,5.5,0,3.6,"Entre Ríos"
"departamentos.fid--bb562cf_17950c2b895_-1f0",349,1,"7.531.099.386.241","537.872.922",30,56,"Gualeguaychú",30056,4065,99.9,0.1,80.6,8.3,0,0,0.1,0.1,3.4,0,7.6,0,2.4,"Entre Ríos"
"departamentos.fid--bb562cf_17950c2b895_-1ef",350,1,"5.147.787.586.248","534.643.749",30,98,"Uruguay",30098,4158,100,0,88.4,6.5,6.7,0,0,0.1,1.7,0,3.3,0,2.2,"Entre Ríos"
"departamentos.fid--bb562cf_17950c2b895_-1ee",351,1,"2.760.870.553.147","359.830.434",30,8,"Colón",30008,22432,97.1,2.9,69.9,26.3,17.1,0,0,0,2,0,1.1,0.7,3.9,"Entre Ríos"
"departamentos.fid--bb562cf_17950c2b895_-1ed",352,1,"2.643.200.621.474","349.616.976",30,91,"Tala",30091,10848,99.9,0.1,88.7,8.5,19.2,0,0,0.2,0.9,0,1.5,0.2,3.1,"Entre Ríos"
"departamentos.fid--bb562cf_17950c2b895_-1ec",360,1,"4.936.525.052.126","310.453.772",82,126,"San Martín",82126,23758,99.8,0.2,87.9,9.3,7.7,0.1,0,0,2.1,0,0.5,0.1,0.5,"Santa Fe"
"departamentos.fid--bb562cf_17950c2b895_-1eb",361,1,"5.138.910.337.371","495.943.126",14,161,"Tercero Arriba",14161,39761,99.8,0.2,81.4,14.9,24.1,0,0.1,0,2.5,0,0.6,0.4,1.1,"Córdoba"
"departamentos.fid--bb562cf_17950c2b895_-1ea",362,1,"4.990.914.169.465","450.818.512",14,42,"General San Martín",14042,64459,99.8,0.2,69.1,27,40.3,0.3,0,0.2,1.9,0.1,0.9,0.4,2.1,"Córdoba"
"departamentos.fid--bb562cf_17950c2b895_-1e9",363,1,"10888888820.29","664.065.778",14,182,"Unión",14182,15550,99.8,0.2,86.2,9.8,9.8,0,0,0,2.2,0,1.4,0.3,2.6,"Córdoba"
"departamentos.fid--bb562cf_17950c2b895_-1e8",366,1,"11.504.139.987.116","442714.83",82,42,"General López",82042,78215,99.9,0.1,78.2,16.8,21.4,0.2,0.1,0.1,1.4,0,1.6,1.5,0.8,"Santa Fe"
"departamentos.fid--bb562cf_17950c2b895_-1e7",367,1,"996.100.438.083","168.588.053",6,175,"Colón",6175,9624,99.9,0.1,95,3.6,82.5,0,0,0.1,1.1,0,0.3,0,4.2,"Buenos Aires"
"departamentos.fid--bb562cf_17950c2b895_-1e6",368,1,"3.480.142.143.783","330.633.142",82,14,"Caseros",82014,34505,99.8,0.2,85.9,10.7,23.5,0.1,0.4,0,1.5,0,0.7,0.6,1.6,"Santa Fe"
"departamentos.fid--bb562cf_17950c2b895_-1e5",369,1,"1.866.267.188.607","230.628.891",82,84,"Rosario",82084,564350,99.9,0.1,48.2,43.9,64.3,0.6,5.4,0.2,0.5,0,0.4,0.6,0.7,"Santa Fe"
"departamentos.fid--bb562cf_17950c2b895_-1e4",370,1,"680.613.403.091","139.958.161",6,763,"San Nicolás",6763,55950,99.8,0.2,80.9,15.6,77.7,0,0.2,0,1.4,0.3,1.5,0.2,0.9,"Buenos Aires"
"departamentos.fid--bb562cf_17950c2b895_-1e3",371,1,"1047608031.76","185.317.254",6,665,"Ramallo",6665,12088,99.8,0.2,91.2,5.2,51.7,0.1,0,0,2,0.1,1.1,0.5,2.6,"Buenos Aires"
"departamentos.fid--bb562cf_17950c2b895_-1e2",372,1,"3.227.924.438.848","402.413.949",82,28,"Constitución",82028,29905,99.9,0.1,80.3,13.3,27.4,0,3.7,0,1.6,0,0.6,0.4,1.6,"Santa Fe"
"departamentos.fid--bb562cf_17950c2b895_-1e1",373,1,"3.005.066.336.664","276.525.189",6,623,"Pergamino",6623,43238,99.9,0.1,80.4,15.1,63.3,1,0,0,1.7,0.1,1.3,0.4,1,"Buenos Aires"
"departamentos.fid--bb562cf_17950c2b895_-1e0",374,1,"1.243.764.095.091","174.059.755",6,77,"Arrecifes",6077,11479,99.9,0.1,90.9,6.1,45.7,0,0,0,2.3,0.1,0.4,0,2.1,"Buenos Aires"
"departamentos.fid--bb562cf_17950c2b895_-1df",375,1,"1.611.066.802.119","209.303.481",6,714,"Salto",6714,13151,99.8,0.2,87.1,8.4,29.8,0.1,0,0,3.2,0.2,0.8,0.3,2.9,"Buenos Aires"
"departamentos.fid--bb562cf_17950c2b895_-1de",376,1,"2.060.416.872.184","231.003.014",6,686,"Rojas",6686,9546,99.9,0.1,89.8,5.3,52,0,0.2,0,2.7,1.2,0.8,0,6.1,"Buenos Aires"
"departamentos.fid--bb562cf_17950c2b895_-1dd",377,1,"2.290.122.797.593","272.202.555",6,210,"Chacabuco",6210,22485,99.9,0.1,83.1,11.1,36.7,0,0.1,0,3,1.5,0.8,0.4,4.8,"Buenos Aires"
"departamentos.fid--bb562cf_17950c2b895_-1dc",378,1,"2.254.656.476.382","237.217.745",6,413,"Junín",6413,42838,99.9,0.1,81.8,14.7,66.5,0,0.1,0,1.7,0.1,1.4,0.2,1.1,"Buenos Aires"
"departamentos.fid--bb562cf_17950c2b895_-1db",379,1,"2.140.152.932.662","219.231.399",6,385,"General Viamonte",6385,6884,99.8,0.2,92.8,3.1,5.6,0,0,0.1,2.2,0.1,1.5,0.2,1.5,"Buenos Aires"
"departamentos.fid--bb562cf_17950c2b895_-1da",380,1,"1.604.185.478.763","193.644.736",6,462,"Leandro N. Alem",6462,6729,99.8,0.2,94.5,3.2,22.3,0,0,0.1,1.5,0,0.7,0.1,5.2,"Buenos Aires"
"departamentos.fid--bb562cf_17950c2b895_-1d9",381,1,"1.483.255.662.462","214372.78",6,294,"General Arenales",6294,6755,99.9,0.1,95.3,1.2,20.2,0,0,0,2.4,0,1,0,2.8,"Buenos Aires"
"departamentos.fid--bb562cf_17950c2b895_-1d8",387,1,"2.524.830.262.633","201.008.553",42,56,"Chapaleufú",42056,3360,99.8,0.2,92.1,5.1,12.9,0,0,0,1.5,0,1.2,0,3.6,"La Pampa"
"departamentos.fid--bb562cf_17950c2b895_-1d7",382,1,"8.244.611.425.141","432.475.703",14,84,"Presidente Roque Sáenz Peña",14084,2435,99.8,0.2,82.6,16.3,2,0,0,0,1.1,0,0,0,1.4,"Córdoba"
"departamentos.fid--bb562cf_17950c2b895_-1d6",383,1,"7231467556.35","446.788.521",6,392,"General Villegas",6392,9855,99.7,0.3,87.6,7.4,9.9,0,0,0,2.3,0,2.6,0.2,2.1,"Buenos Aires"
"departamentos.fid--bb562cf_17950c2b895_-1d5",389,1,"2.506.817.830.046","200.297.493",42,105,"Maracó",42105,27023,99.9,0.1,79.6,18.5,17.1,0.1,0,0.1,0.9,0,0.4,0.4,0.9,"La Pampa"
"departamentos.fid--bb562cf_17950c2b895_-1d4",390,1,"4.523.186.915.441","346.993.615",6,609,"Pehuajó",6609,17511,99.8,0.2,86.5,9.9,9.9,0.2,0,0,1.7,0.7,0.7,0.2,2.3,"Buenos Aires"
"departamentos.fid--bb562cf_17950c2b895_-1d3",384,1,"2.548.210.024.706","275.479.719",6,351,"General Pinto",6351,3314,99.9,0.1,95.3,2.2,0,0,0,0,2,0.1,0.4,0,1.2,"Buenos Aires"
"departamentos.fid--bb562cf_17950c2b895_-1d2",500,1,"796.367.211.717","119.663.511",6,721,"Salliqueló",6721,3847,99.3,0.7,93,3.1,0,0,0,0,1.4,0,2.2,0.2,2.1,"Buenos Aires"
"departamentos.fid--bb562cf_17950c2b895_-1d1",385,1,"1.812.763.672.463","215.662.111",6,277,"Florentino Ameghino",6277,3193,99.8,0.2,94.8,4,3.1,0,0,0,1,0,0.1,0,6.6,"Buenos Aires"
"departamentos.fid--bb562cf_17950c2b895_-1d0",501,1,"2505847668.77","233.278.574",42,28,"Catriló",42028,1733,100,0,90.5,5.1,0,0,0,0,2,1,1.3,0.1,1.6,"La Pampa"
"departamentos.fid--bb562cf_17950c2b895_-1cf",502,1,"4.824.230.084.203","325.026.976",6,399,"Guaminí",6399,3679,99.6,0.4,94.7,2.4,0,0,0,0,2.3,0,0.5,0.1,2.3,"Buenos Aires"
"departamentos.fid--bb562cf_17950c2b895_-1ce",503,1,"5.881.535.855.853","398.157.471",6,7,"Adolfo Alsina",6007,6552,99.6,0.4,91.5,2.5,22,0,0,0,3,0.1,2.9,0,3.9,"Buenos Aires"
"departamentos.fid--bb562cf_17950c2b895_-1cd",386,1,"3.912.249.733.642","293.545.154",6,154,"Carlos Tejedor",6154,3932,99.8,0.2,94,1.4,1.9,0,0,0.2,1.7,0.1,2.5,0,6,"Buenos Aires"
"departamentos.fid--bb562cf_17950c2b895_-1cc",388,1,"3.955.021.225.266","289.266.321",6,679,"Rivadavia",6679,4698,99.9,0.1,92.5,7.4,4.6,0,0,0,0,0,0,0.1,3.5,"Buenos Aires"
"departamentos.fid--bb562cf_17950c2b895_-1cb",391,1,"2.531.737.806.232","241.275.225",6,147,"Carlos Casares",6147,8911,99.8,0.2,87.1,7.7,57.6,0,0,0,3.4,0.2,1.5,0.2,2.9,"Buenos Aires"
"departamentos.fid--bb562cf_17950c2b895_-1ca",392,1,"5.778.326.731.571","375.789.647",6,469,"Lincoln",6469,16062,99.9,0.1,85.9,8.9,32.3,0,0,0,2.1,0,2.7,0.4,3.1,"Buenos Aires"
"departamentos.fid--bb562cf_17950c2b895_-1c9",393,1,"2198489816.55","251.996.839",6,112,"Bragado",6112,18627,99.8,0.2,88.5,7.7,53.5,0,0,0,1.9,0.7,0.8,0.6,2.6,"Buenos Aires"
"departamentos.fid--bb562cf_17950c2b895_-1c8",394,1,"1122633765.94","179.181.686",6,21,"Alberti",6021,4350,99.7,0.3,91.4,3.6,64.6,0,0,0,3.3,0.1,1,0.5,2.2,"Buenos Aires"
"departamentos.fid--bb562cf_17950c2b895_-1c7",395,1,"4.789.063.478.843","430.583.875",6,854,"25 de mayo",6854,13908,99.8,0.2,88.9,7.8,43.5,0,0,0,1.9,0.1,1.3,0,7.5,"Buenos Aires"
"departamentos.fid--bb562cf_17950c2b895_-1c6",396,1,"4.290.853.200.167","300.044.728",6,588,"9 de julio",6588,19501,99.9,0.1,85.7,11.2,25.1,0.3,0,0,2,0,0.7,0.1,1.9,"Buenos Aires"
"departamentos.fid--bb562cf_17950c2b895_-1c5",397,1,"2.706.449.689.364","303.750.881",6,707,"Saladillo",6707,13399,99.9,0.1,86,10.9,57.4,0,0,0,2.6,0.2,0.2,0.1,1.4,"Buenos Aires"
"departamentos.fid--bb562cf_17950c2b895_-1c4",398,1,"1.556.164.141.011","266.954.194",6,693,"Roque Pérez",6693,4593,99.7,0.3,89.4,6.7,25.2,0,0,0.3,2.3,0,1,0.2,2.4,"Buenos Aires"
"departamentos.fid--bb562cf_17950c2b895_-1c3",399,1,"1.857.505.911.949","273.538.275",6,301,"General Belgrano",6301,8722,99.7,0.3,91.8,4.9,14.9,0,0,0,1.8,0.2,1.3,0,2.6,"Buenos Aires"
"departamentos.fid--bb562cf_17950c2b895_-1c2",400,1,"1.875.564.678.245","241.118.451",6,547,"Monte",6547,9048,99.5,0.5,86.5,7.9,11.5,0.9,0,0,3.4,0,1,0.3,9.2,"Buenos Aires"
"departamentos.fid--bb562cf_17950c2b895_-1c1",401,1,"1.199.932.735.492","174.086.435",6,343,"General Paz",6343,4415,99.8,0.2,90.2,5.6,19.1,0,0,0,3.1,0.1,0.9,0.1,15.8,"Buenos Aires"
"departamentos.fid--bb562cf_17950c2b895_-1c0",402,1,"1.114.241.566.793","181.536.516",6,119,"Brandsen",6119,9508,99.8,0.2,88.9,5.3,49.3,0.8,0,0,3.8,0.7,0.5,0,10.2,"Buenos Aires"
"departamentos.fid--bb562cf_17950c2b895_-1bf",403,1,"660.819.129.471","126.762.841",6,778,"San Vicente",6778,34034,99.9,0.1,86,4.4,45.9,5.9,0,0,2.8,0,0.8,0,8.2,"Buenos Aires"
"departamentos.fid--bb562cf_17950c2b895_-1be",404,1,"1.186.214.406.645","179.733.649",6,134,"Cañuelas",6134,19597,99.8,0.2,78.3,9.1,42.6,6.3,0.1,0,3.9,0.1,2.2,0.1,2.6,"Buenos Aires"
"departamentos.fid--bb562cf_17950c2b895_-1bd",405,1,"1.619.466.357.153","220.977.967",6,574,"Navarro",6574,6443,99.9,0.1,87.7,8,13.4,0,0,0,3,0.1,1.2,0,2.8,"Buenos Aires"
"departamentos.fid--bb562cf_17950c2b895_-1bc",406,1,"1.725.523.830.457","210.440.002",6,483,"Lobos",6483,14655,99.8,0.2,85.6,8.8,20.9,0,0.3,0,3,0.4,1.8,0.1,3,"Buenos Aires"
"departamentos.fid--bb562cf_17950c2b895_-1bb",407,1,"2.058.925.815.981","212.045.723",6,224,"Chivilcoy",6224,30925,99.8,0.2,85.1,9.9,70.2,0.1,0,0.1,2.8,0.5,1.6,0.1,1.8,"Buenos Aires"
"departamentos.fid--bb562cf_17950c2b895_-1ba",427,1,"51.309.640.389","30.981.467",6,434,"Lanús",6434,181799,99.9,0.1,55.9,31,47.5,0,12.4,0,0.2,0,0.5,0,0.3,"Buenos Aires"
"departamentos.fid--bb562cf_17950c2b895_-1b9",408,1,"1.049.463.298.847","165.283.614",6,532,"Mercedes",6532,24207,99.8,0.2,90.4,6.5,90,0,0.2,0,2,0.2,0.6,0,3.3,"Buenos Aires"
"departamentos.fid--bb562cf_17950c2b895_-1b8",409,1,"771.286.333.973","149.349.307",6,497,"Luján",6497,45279,99.8,0.2,82,10.4,30.8,4.9,0,0,2.2,0.1,0.4,0,2.7,"Buenos Aires"
"departamentos.fid--bb562cf_17950c2b895_-1b7",410,1,"942.978.745.461","149.643.654",6,784,"Suipacha",6784,4221,99.7,0.3,84.2,11.7,2.6,0,0,0,2.6,0,1.5,0,1,"Buenos Aires"
"departamentos.fid--bb562cf_17950c2b895_-1b6",411,1,"1.061.445.647.801","152.772.358",6,161,"Carmen de Areco",6161,6269,99.8,0.2,89.5,4.7,24.3,0,0,0,4.7,0.2,0.6,0.4,8.6,"Buenos Aires"
"departamentos.fid--bb562cf_17950c2b895_-1b5",412,1,"548.920.602.217","118.953.313",6,140,"Capitán Sarmiento",6140,5616,99.8,0.2,89.9,3.2,16.6,0,0,0,2.4,0,4.5,0,0.6,"Buenos Aires"
"departamentos.fid--bb562cf_17950c2b895_-1b4",413,1,"861821270.57","168.425.158",6,735,"San Antonio de Areco",6735,8390,99.6,0.4,83.4,12.2,10.9,0,0,0,1.6,0.2,2.6,0,2.8,"Buenos Aires"
"departamentos.fid--bb562cf_17950c2b895_-1b3",414,1,"1.185.075.749.583","186.297.699",6,882,"Zárate",6882,44602,99.9,0.1,77.8,17.3,68.6,1.4,0.9,0,1.6,0.1,0.7,0.2,7.1,"Buenos Aires"
"departamentos.fid--bb562cf_17950c2b895_-1b2",415,1,"636.523.839.751","139.730.329",6,266,"Exaltación de la Cruz",6266,14588,99.1,0.9,76.7,13.8,0,4.4,0,0,2.8,0.4,2,0,3.2,"Buenos Aires"
"departamentos.fid--bb562cf_17950c2b895_-1b1",416,1,"1.129.225.243.417","163.987.461",6,728,"San Andrés de Giles",6728,7107,99.4,0.6,89.1,4.1,53.4,0,0,0,2.7,0.3,3.7,0.1,3.7,"Buenos Aires"
"departamentos.fid--bb562cf_17950c2b895_-1b0",417,1,"384.699.753.758","126.227.361",6,638,"Pilar",6638,130730,99.9,0.1,61.1,16.8,23.2,20.7,0,0,0.9,0,0.3,0.2,3.9,"Buenos Aires"
"departamentos.fid--bb562cf_17950c2b895_-1af",418,1,"62.870.710.889","35.323.619",6,515,"Malvinas Argentinas",6515,105023,99.9,0.1,61.7,33.5,16.2,2,1.4,0,0.9,0,0.5,0,0.6,"Buenos Aires"
"departamentos.fid--bb562cf_17950c2b895_-1ae",419,1,"52379415.95","32.838.568",6,756,"San Isidro",6756,124238,99.9,0.1,54.8,36.1,54.3,3.4,4.8,0.1,0.2,0,0.5,0.1,0.4,"Buenos Aires"
"departamentos.fid--bb562cf_17950c2b895_-1ad",420,1,"382.251.906.009","99.018.573",6,805,"Tigre",6805,138078,99.8,0.2,50.3,28.6,44.8,18,2.1,0,0.5,0,0.5,0.1,1.5,"Buenos Aires"
"departamentos.fid--bb562cf_17950c2b895_-1ac",421,1,"301002661.64","101742.28",6,252,"Escobar",6252,100688,99.8,0.2,50.3,30.1,19.8,16,0.8,0,1.2,0.1,1.2,0,2.7,"Buenos Aires"
"departamentos.fid--bb562cf_17950c2b895_-1ab",422,1,"986.301.609.712","193.489.379",6,126,"Campana",6126,35017,99.8,0.2,80,14,84.3,2.8,0,0.3,1,0,1.7,0.3,1.4,"Buenos Aires"
"departamentos.fid--bb562cf_17950c2b895_-1aa",423,1,"1.058.675.939.899","161.415.394",6,749,"San Fernando",6749,59352,99.9,0.1,44.5,52.3,74.2,1,1,0,0.4,0,0.6,0.2,0.3,"Buenos Aires"
"departamentos.fid--bb562cf_17950c2b895_-1a9",432,1,"6.850.620.748","10990.64",2,42,"Comuna 6",2042,109002,99.9,0.1,7.5,91,71.4,0,0,1.2,0,0,0.1,0.2,0,"Ciudad Autónoma de Buenos Aires"
"departamentos.fid--bb562cf_17950c2b895_-1a8",424,1,"892.785.068.131","171.386.118",6,441,"La Plata",6441,324026,99.9,0.1,62.6,33.3,74.3,0.8,0.6,0,1.3,0.2,1.1,0.1,2.6,"Buenos Aires"
"departamentos.fid--bb562cf_17950c2b895_-1a7",425,1,"56.265.395.123","34.497.013",6,35,"Avellaneda",6035,146677,99.5,0.5,51,42.7,65.1,0,5,0,0.4,0,0.9,0,2.4,"Buenos Aires"
"departamentos.fid--bb562cf_17950c2b895_-1a6",426,1,"91.632.492.412","42.450.268",6,658,"Quilmes",6658,215955,99.9,0.1,64.1,27.4,51.8,0.4,6.9,0,0.5,0,0.6,0.1,1.8,"Buenos Aires"
"departamentos.fid--bb562cf_17950c2b895_-1a5",428,1,"22.374.463.925","20.962.866",2,56,"Comuna 8",2056,68305,100,0,22.4,49.7,55.9,0,26.5,0.9,0,0,0.3,0.2,0,"Ciudad Autónoma de Buenos Aires"
"departamentos.fid--bb562cf_17950c2b895_-1a4",429,1,"22.689.173.016","29.116.702",2,28,"Comuna 4",2028,103699,99.9,0.1,16.2,62.4,51.6,0,14.5,6.4,0,0,0.3,0.3,0,"Ciudad Autónoma de Buenos Aires"
"departamentos.fid--bb562cf_17950c2b895_-1a3",434,1,"15.626.267.263","17.247.637",2,84,"Comuna 12",2084,119855,99.9,0.1,23.6,75.8,64.3,0,0,0.4,0,0,0.1,0.2,0,"Ciudad Autónoma de Buenos Aires"
"departamentos.fid--bb562cf_17950c2b895_-1a2",430,1,"12.422.161.205","17.971.723",2,49,"Comuna 7",2049,105362,99.9,0.1,18.4,72.8,64.9,0,5.7,2.8,0,0,0.1,0.2,0,"Ciudad Autónoma de Buenos Aires"
"departamentos.fid--bb562cf_17950c2b895_-1a1",504,1,"3.505.850.640.198","240.163.219",42,7,"Atreucó",42007,3470,99.9,0.1,93.9,4.1,2.8,0,0,0.1,0.3,0,1.6,0,1.7,"La Pampa"
"departamentos.fid--bb562cf_17950c2b895_-1a0",431,1,"16.467.308.222","21.387.053",2,63,"Comuna 9",2063,73834,99.9,0.1,40.2,54.2,0,0,3.7,1.2,0,0,0.2,0.4,0,"Ciudad Autónoma de Buenos Aires"
"departamentos.fid--bb562cf_17950c2b895_-19f",433,1,"14.123.024.336","19.994.449",2,77,"Comuna 11",2077,98454,99.9,0.1,30,69,52.1,0,0,0.5,0,0,0.2,0.3,0,"Ciudad Autónoma de Buenos Aires"
"departamentos.fid--bb562cf_17950c2b895_-19e",435,1,"14.322.044.729","17.831.997",2,105,"Comuna 15",2105,104760,99.9,0.1,17.3,79.7,62,0,1.1,1.4,0,0,0.2,0.4,0,"Ciudad Autónoma de Buenos Aires"
"departamentos.fid--bb562cf_17950c2b895_-19d",436,1,"15.851.035.751","19.930.226",2,98,"Comuna 14",2098,163865,99.9,0.1,3.2,95.5,77.6,0,0,0.9,0,0,0.1,0.4,0,"Ciudad Autónoma de Buenos Aires"
"departamentos.fid--bb562cf_17950c2b895_-19c",437,1,"6.322.771.326","18.903.145",2,14,"Comuna 2",2014,115556,99.9,0.1,0.5,97.6,65.3,0,0.1,0.6,0,0,0,1.1,0,"Ciudad Autónoma de Buenos Aires"
"departamentos.fid--bb562cf_17950c2b895_-19b",438,1,"6.660.127.446","12.323.135",2,35,"Comuna 5",2035,106882,99.9,0.1,8.1,87.7,62.4,0,0,3.8,0,0,0.1,0.3,0,"Ciudad Autónoma de Buenos Aires"
"departamentos.fid--bb562cf_17950c2b895_-19a",439,1,"6.385.606.894","10.485.966",2,21,"Comuna 3",2021,113266,99.8,0.2,4,87,65.6,0,0,8.2,0,0,0.2,0.6,0,"Ciudad Autónoma de Buenos Aires"
"departamentos.fid--bb562cf_17950c2b895_-199",440,1,"17.895.172.824","27.909.409",2,7,"Comuna 1",2007,140783,99.6,0.4,1.8,78.4,79.5,0,10.6,8.1,0,0,0.1,1.1,0,"Ciudad Autónoma de Buenos Aires"
"departamentos.fid--bb562cf_17950c2b895_-198",441,1,"14.988.132.172","22.148.319",2,91,"Comuna 13",2091,147203,99.9,0.1,7.3,91.7,73.9,0,0,0.7,0,0,0,0.3,0,"Ciudad Autónoma de Buenos Aires"
"departamentos.fid--bb562cf_17950c2b895_-197",442,1,"34.564.758.194","29.403.729",6,861,"Vicente López",6861,128218,99.7,0.3,52.6,45.3,86.5,0,1.4,0,0.3,0,0.4,0,0.3,"Buenos Aires"
"departamentos.fid--bb562cf_17950c2b895_-196",443,1,"56.502.621.153","35.055.236",6,371,"General San Martín",6371,178226,99.9,0.1,52.2,37.6,32.5,0.2,8.4,0.1,0.4,0,1,0.1,0.9,"Buenos Aires"
"departamentos.fid--bb562cf_17950c2b895_-195",444,1,"45.424.514.628","37.007.478",6,840,"Tres de Febrero",6840,149181,99.9,0.1,54.1,44.3,71.7,0,0.8,0,0.3,0,0.3,0.1,0.1,"Buenos Aires"
"departamentos.fid--bb562cf_17950c2b895_-194",445,1,"35.775.453.886","24.653.957",6,408,"Hurlingham",6408,65665,99.9,0.1,65.5,32.6,21,0.3,0.5,0,0.4,0,0.6,0,1.2,"Buenos Aires"
"departamentos.fid--bb562cf_17950c2b895_-193",446,1,"82.756.923.195","44.612.888",6,760,"San Miguel",6760,111047,99.9,0.1,55.4,35.4,36.5,2.4,5.4,0,0.8,0,0.6,0.1,0.3,"Buenos Aires"
"departamentos.fid--bb562cf_17950c2b895_-192",447,1,"50.169.829.067","33.910.906",6,412,"José C. Paz",6412,94776,100,0,73.2,22.6,30.4,0.7,2.2,0,0.9,0,0.2,0,7.2,"Buenos Aires"
"departamentos.fid--bb562cf_17950c2b895_-191",448,1,"186.220.667.961","59.863.384",6,560,"Moreno",6560,191222,100,0,73.1,20.8,23.5,2.9,0.3,0,2,0.1,0.6,0.1,2.5,"Buenos Aires"
"departamentos.fid--bb562cf_17950c2b895_-190",449,1,"366.465.375.108","91.333.554",6,364,"General Rodríguez",6364,50477,99.9,0.1,84.2,6.5,52.5,2.8,0,0,4.3,0.3,1.4,0.5,11.4,"Buenos Aires"
"departamentos.fid--bb562cf_17950c2b895_-18f",450,1,"174.060.823.276","62.543.088",6,539,"Merlo",6539,176060,99.9,0.1,80.8,17.1,25.9,0.1,0.4,0,0.8,0,0.7,0,0.9,"Buenos Aires"
"departamentos.fid--bb562cf_17950c2b895_-18e",451,1,"38.067.515.476","26.369.667",6,410,"Ituzaingó",6410,64731,99.9,0.1,78.8,16.8,22.5,1.7,0.4,0,0.5,0,1.6,0.2,0.3,"Buenos Aires"
"departamentos.fid--bb562cf_17950c2b895_-18d",452,1,"55.066.086.803","37.979.097",6,568,"Morón",6568,143516,99.9,0.1,63.2,35,56.4,0,1,0,0.3,0,0.3,0.1,0.2,"Buenos Aires"
"departamentos.fid--bb562cf_17950c2b895_-18c",458,1,"121.983.796.238","65.033.609",6,648,"Presidente Perón",6648,29447,100,0,85.5,11.1,38,0.1,0,0,2.3,0,1,0,0.9,"Buenos Aires"
"departamentos.fid--bb562cf_17950c2b895_-18b",453,1,"12.646.831.233","18305.24",2,70,"Comuna 10",2070,81882,99.9,0.1,34.5,63.6,43.6,0,0,1.4,0,0,0.1,0.4,0,"Ciudad Autónoma de Buenos Aires"
"departamentos.fid--bb562cf_17950c2b895_-18a",454,1,"327.569.213.906","113.298.517",6,427,"La Matanza",6427,568668,99.9,0.1,55.4,37.3,51.8,0.1,2.7,3.2,0.7,0,0.6,0,3.7,"Buenos Aires"
"departamentos.fid--bb562cf_17950c2b895_-189",455,1,"238.177.629.917","80.681.728",6,270,"Ezeiza",6270,56512,99.9,0.1,87.3,4.8,68.5,4.6,0,0,2.1,0,1.1,0,2.7,"Buenos Aires"
"departamentos.fid--bb562cf_17950c2b895_-188",456,1,"422158648.28","108.964.705",6,525,"Marcos Paz",6525,23232,99.9,0.1,80.9,13,0.5,3.1,0,0,2,0,0.9,0.1,1.8,"Buenos Aires"
"departamentos.fid--bb562cf_17950c2b895_-187",457,1,"751.278.142.621","125.965.568",6,329,"General Las Heras",6329,4773,99.9,0.1,91.5,5.5,25.9,0,0,0,1.9,0.2,0.8,0,1.8,"Buenos Aires"
"departamentos.fid--bb562cf_17950c2b895_-186",469,1,"1.047.437.693.799","197.797.677",6,466,"Lezama",6466,2474,99.6,0.4,92.3,3.3,27.2,0,0,0,3.5,0,0.9,0,8.7,"Buenos Aires"
"departamentos.fid--bb562cf_17950c2b895_-185",470,1,"2.112.908.853.084","310497.79",6,168,"Castelli",6168,2735,99.7,0.3,90.9,6.7,0,0,0,0,2.1,0,0.3,0,0.4,"Buenos Aires"
"departamentos.fid--bb562cf_17950c2b895_-184",459,1,"189.484.254.658","77097.9",6,274,"Florencio Varela",6274,144602,99.9,0.1,63.6,26.1,23.2,0.7,7.6,0,1.3,0,0.5,0,3.1,"Buenos Aires"
"departamentos.fid--bb562cf_17950c2b895_-183",485,1,"6.537.818.483.914","439150.31",6,49,"Azul",6049,29404,99.8,0.2,85.9,11.4,75,0,0,0,1.8,0,0.7,0.1,2.4,"Buenos Aires"
"departamentos.fid--bb562cf_17950c2b895_-182",486,1,"6.756.063.142.959","410.701.705",6,42,"Ayacucho",6042,8155,99.8,0.2,92.6,4.5,13.5,0,0,0,2.2,0,0.7,0,0.7,"Buenos Aires"
"departamentos.fid--bb562cf_17950c2b895_-181",487,1,"4.312.790.632.529","334.443.759",6,672,"Rauch",6672,6182,99.7,0.3,89.8,8.1,31.3,0,0,0,1.7,0,0.4,0,6.5,"Buenos Aires"
"departamentos.fid--bb562cf_17950c2b895_-180",488,1,"3.449.442.887.015","308.465.548",6,630,"Pila",6630,1371,99.1,0.9,93,1.8,0,0,0,0.4,3.3,0.1,1.4,0.1,2.9,"Buenos Aires"
"departamentos.fid--bb562cf_17950c2b895_-17f",489,1,"3.340.987.413.314","307.573.717",6,455,"Las Flores",6455,10860,99.7,0.3,91.3,4.2,36.1,0,0,0,2.5,0.1,1.4,0.5,5.2,"Buenos Aires"
"departamentos.fid--bb562cf_17950c2b895_-17e",490,1,"3.366.408.977.181","319.143.075",6,287,"General Alvear",6287,4244,99.7,0.3,91.7,3.5,12.8,0,0,0.1,3.7,0,0.6,0.4,9.9,"Buenos Aires"
"departamentos.fid--bb562cf_17950c2b895_-17d",491,1,"4.168.497.431.331","464.009.409",6,798,"Tapalqué",6798,4085,99.9,0.1,87.7,6.6,4.1,0,0,0,2.5,0.2,2.3,0.7,2.8,"Buenos Aires"
"departamentos.fid--bb562cf_17950c2b895_-17c",492,1,"7666245473.91","403.827.683",6,595,"Olavarría",6595,50943,99.9,0.1,77.9,17,62,0.1,0,0.1,2.4,0.5,1.6,0.5,1.2,"Buenos Aires"
"departamentos.fid--bb562cf_17950c2b895_-17b",493,1,"3.822.781.590.702","349.817.954",6,231,"Daireaux",6231,4749,99.7,0.3,91.3,6.2,17.5,0,0,0,1.6,0,0.9,0,1,"Buenos Aires"
"departamentos.fid--bb562cf_17950c2b895_-17a",460,1,"121.299.572.437","55.305.118",6,260,"Esteban Echeverría",6260,103762,99.9,0.1,72.4,17.4,51.6,5.5,0.2,0.2,1.3,0,2.9,0,3.1,"Buenos Aires"
"departamentos.fid--bb562cf_17950c2b895_-179",461,1,"87.681.227.071","48107.19",6,490,"Lomas de Zamora",6490,234811,100,0,59.5,33.3,44.8,0,6,0,0.3,0,0.7,0.1,2.5,"Buenos Aires"
"departamentos.fid--bb562cf_17950c2b895_-178",462,1,"129.270.879.001","52.367.466",6,28,"Almirante Brown",6028,175963,99.9,0.1,77.9,19.6,74.8,0.2,0.8,0,0.6,0,0.7,0.1,2,"Buenos Aires"
"departamentos.fid--bb562cf_17950c2b895_-177",463,1,"220.246.926.123","80.405.701",6,91,"Berazategui",6091,111827,99.9,0.1,70,23,45.1,4.6,0.1,0,1,0.1,1.2,0.1,0.7,"Buenos Aires"
"departamentos.fid--bb562cf_17950c2b895_-176",464,1,"144.448.613.068","57276.6",6,98,"Berisso",6098,35574,99.7,0.3,87.6,7.8,53.2,0,1.1,0,1.8,0.3,0.9,0.4,7,"Buenos Aires"
"departamentos.fid--bb562cf_17950c2b895_-175",465,1,"113.514.382.052","54.059.375",6,245,"Ensenada",6245,25249,99.7,0.3,85.3,11.8,53.1,0,0,0.1,2.1,0,0.7,0.1,4.2,"Buenos Aires"
"departamentos.fid--bb562cf_17950c2b895_-174",466,1,"1.849.576.288.996","257.265.741",6,505,"Magdalena",6505,6375,99.9,0.1,91.9,5,26.3,0,0,0,2.4,0,0.6,0.1,2.7,"Buenos Aires"
"departamentos.fid--bb562cf_17950c2b895_-173",467,1,"1.605.397.663.986","280.076.118",6,655,"Punta Indio",6655,3790,99.8,0.2,90.4,4.6,32.8,0.2,0,0,4.1,0.2,0.3,0.2,7.4,"Buenos Aires"
"departamentos.fid--bb562cf_17950c2b895_-172",468,1,"3.159.198.931.365","360.776.841",6,218,"Chascomús",6218,17940,99.5,0.5,85.8,10.3,9.4,0,0,0,1.8,0.7,1.1,0.2,1,"Buenos Aires"
"departamentos.fid--bb562cf_17950c2b895_-171",471,1,"1.977.515.609.029","234.700.017",6,238,"Dolores",6238,13104,99.8,0.2,91.6,5.8,17.3,0.1,0,0,1.6,0.1,0.3,0.5,3.2,"Buenos Aires"
"departamentos.fid--bb562cf_17950c2b895_-170",472,1,"1.334.441.678.194","185.579.033",6,812,"Tordillo",6812,NA,NA,NA,NA,NA,NA,NA,NA,NA,NA,NA,NA,NA,NA,"Buenos Aires"
"departamentos.fid--bb562cf_17950c2b895_-16f",473,1,"2.704.561.923.356","254.358.543",6,336,"General Lavalle",6336,NA,NA,NA,NA,NA,NA,NA,NA,NA,NA,NA,NA,NA,NA,"Buenos Aires"
"departamentos.fid--bb562cf_17950c2b895_-16e",474,1,"2.326.391.832.924","265.467.896",6,308,"General Guido",6308,NA,NA,NA,NA,NA,NA,NA,NA,NA,NA,NA,NA,NA,NA,"Buenos Aires"
"departamentos.fid--bb562cf_17950c2b895_-16d",475,1,"2.604.034.708.177","239.542.665",6,511,"Maipú",6511,3887,99.7,0.3,95.1,2.4,31.5,0,0,0,1.8,0,0.7,0,2.9,"Buenos Aires"
"departamentos.fid--bb562cf_17950c2b895_-16c",476,1,"233.921.606.787","192.308.654",6,420,"La Costa",6420,134443,99.6,0.4,41.5,56.7,37.7,0.1,0,0,1.5,0.1,0.2,0,0.7,"Buenos Aires"
"departamentos.fid--bb562cf_17950c2b895_-16b",477,1,"65.665.827.635","48702.01",6,644,"Pinamar",6644,33662,99,1,54.1,43.8,74.6,0,0,0,1.3,0.1,0.7,0,0.9,"Buenos Aires"
"departamentos.fid--bb562cf_17950c2b895_-16a",478,1,"1.462.337.334.494","200.947.866",6,357,"General Pueyrredón",6357,369398,99.7,0.3,50.6,47.2,83.4,0.5,0.4,0,0.7,0,0.6,0.1,0.4,"Buenos Aires"
"departamentos.fid--bb562cf_17950c2b895_-169",479,1,"3.088.464.008.407","242.380.492",6,518,"Mar Chiquita",6518,16869,99.4,0.6,83.6,11.7,39.9,0.1,0,0,3.7,0.2,0.7,0,1.4,"Buenos Aires"
"departamentos.fid--bb562cf_17950c2b895_-168",480,1,"164.444.399.211","109.725.992",6,868,"Villa Gesell",6868,31682,98.9,1.1,39.6,58.3,60.9,0.2,0,0,1.3,0.1,0.5,0,1,"Buenos Aires"
"departamentos.fid--bb562cf_17950c2b895_-167",481,1,"2.982.322.937.755","274.741.765",6,315,"General Juan Madariaga",6315,8330,99.8,0.2,83.7,12.1,25.3,0,0,0,2,0,1.3,0.9,1,"Buenos Aires"
"departamentos.fid--bb562cf_17950c2b895_-166",482,1,"4.119.642.778.375","289.056.977",6,63,"Balcarce",6063,16550,99.8,0.2,83.7,11.5,36.3,0,0,0,2.5,0,2.1,0,6.8,"Buenos Aires"
"departamentos.fid--bb562cf_17950c2b895_-165",483,1,"5.335.994.961.978","386.454.179",6,84,"Benito Juárez",6084,7657,99.8,0.2,91.8,5.1,14.4,0,0,0,1.6,0,1.5,0,0.4,"Buenos Aires"
"departamentos.fid--bb562cf_17950c2b895_-164",484,1,"4.855.044.580.041","329.023.748",6,791,"Tandil",6791,64349,99.6,0.4,64.7,32.1,42.5,0.4,0,0,1.8,0,0.6,0.5,1.1,"Buenos Aires"
"departamentos.fid--bb562cf_17950c2b895_-163",494,1,"1.645.299.469.373","218.053.062",6,406,"Hipólito Yrigoyen",6406,3989,99.7,0.3,89.3,2.5,15.8,0,0,0.3,2.9,0.1,4.8,0,0.9,"Buenos Aires"
"departamentos.fid--bb562cf_17950c2b895_-162",495,1,"4934745746.36","357.666.711",6,105,"Bolívar",6105,15818,99.7,0.3,88.9,7.3,17,0,0,0,1.9,0,1.6,0.2,3.3,"Buenos Aires"
"departamentos.fid--bb562cf_17950c2b895_-161",496,1,"1.252.032.354.977","150062.82",6,847,"Tres Lomas",6847,3679,99.8,0.2,93.2,3.9,4.2,0,0,0.1,0.9,0,1.6,0.4,0.9,"Buenos Aires"
"departamentos.fid--bb562cf_17950c2b895_-160",498,1,"1.820.943.245.903","223.393.788",6,616,"Pellegrini",6616,2581,99.8,0.2,90.7,2.3,13.3,0,0,0,1.9,0.1,4.6,0.4,4.5,"Buenos Aires"
"departamentos.fid--bb562cf_17950c2b895_-15f",497,1,"5.498.262.483.205","316.296.073",6,826,"Trenque Lauquen",6826,19065,99.8,0.2,86.2,10.1,32.2,0,0,0,2,0.1,0.9,0.7,2.5,"Buenos Aires"
"departamentos.fid--bb562cf_17950c2b895_-15e",499,1,"2.506.678.206.042","200256.15",42,119,"Quemú Quemú",42119,2879,99.8,0.2,96.9,1.1,0,0,0,0,1.1,0,0.7,0,3.2,"La Pampa"
"departamentos.fid--bb562cf_17950c2b895_-15d",505,1,"3.504.996.778.342","240.159.209",42,70,"Guatraché",42070,2172,99.9,0.1,94,3,0,0,0,0,1.5,0,1.3,0.2,4.6,"La Pampa"
"departamentos.fid--bb562cf_17950c2b895_-15c",506,1,"6.013.147.504.378","320.442.944",42,77,"Hucal",42077,2556,99.5,0.5,95.8,1.8,0,0,0,0.6,0.9,0.3,0.4,0.1,2.4,"La Pampa"
"departamentos.fid--bb562cf_17950c2b895_-15b",507,1,"3.546.198.299.398","283.217.801",6,700,"Saavedra",6700,8162,99.8,0.2,91,6.2,21.3,0,0,0,1.8,0,1,0,1.4,"Buenos Aires"
"departamentos.fid--bb562cf_17950c2b895_-15a",508,1,"5984083107.8","445.132.071",6,203,"Coronel Suárez",6203,15931,99.4,0.6,92.1,5.1,44.2,0,0,0,1.1,0.8,0.5,0.4,1.1,"Buenos Aires"
"departamentos.fid--bb562cf_17950c2b895_-159",509,1,"4.813.969.102.823","338.018.314",6,322,"General La Madrid",6322,3790,99.9,0.1,93.5,1.1,59.5,0,0,0,1.9,0,3.3,0.2,2,"Buenos Aires"
"departamentos.fid--bb562cf_17950c2b895_-158",510,1,"3.447.957.033.786","284.085.776",6,448,"Laprida",6448,4229,99.7,0.3,93.6,2.8,58.1,0,0,0,2.3,0,1.3,0,0.4,"Buenos Aires"
"departamentos.fid--bb562cf_17950c2b895_-157",511,1,"3.788.725.310.305","345.804.318",6,14,"Adolfo Gonzales Chaves",6014,4152,99.8,0.2,94.7,2.8,0,0,0,0,1.5,0,0.9,0,2,"Buenos Aires"
"departamentos.fid--bb562cf_17950c2b895_-156",512,1,"5.927.196.401.572","419778.15",6,833,"Tres Arroyos",6833,28281,99.8,0.2,85.9,11.2,76.4,0.1,0,0,1.4,0,1.1,0.1,1.4,"Buenos Aires"
"departamentos.fid--bb562cf_17950c2b895_-155",513,1,"5844857176.35","350.501.889",6,189,"Coronel Dorrego",6189,5534,99.9,0.1,90.3,6.3,4.3,0,0,0,1.8,0,1.5,0,4,"Buenos Aires"
"departamentos.fid--bb562cf_17950c2b895_-154",514,1,"200.305.965.563","80.257.845",6,553,"Monte Hermoso",6553,11323,99.3,0.7,53.4,44.9,59.8,0,0,0.2,1.1,0,0.4,0,0.5,"Buenos Aires"
"departamentos.fid--bb562cf_17950c2b895_-153",515,1,"1.289.871.990.252","200.138.493",6,182,"Coronel de Marina Leonardo Rosales",6182,24665,99.8,0.2,85.1,12,14.9,0,0,0,1.7,0,1,0.1,3.7,"Buenos Aires"
"departamentos.fid--bb562cf_17950c2b895_-152",516,1,"5.256.723.624.599","378.707.869",6,196,"Coronel Pringles",6196,9668,99.7,0.3,88.9,5.1,23,0,0,0.1,4.6,0,0.8,0.5,1.4,"Buenos Aires"
"departamentos.fid--bb562cf_17950c2b895_-151",517,1,"4.160.241.798.397","443.251.573",6,819,"Tornquist",6819,6165,96.9,3.1,91.2,4.1,2.4,0,0,0,3.1,0.1,1.4,0.1,4.3,"Buenos Aires"
"departamentos.fid--bb562cf_17950c2b895_-150",518,1,"6.376.500.572.025","415.794.509",6,651,"Puán",6651,5590,99.8,0.2,93.6,2.7,17.4,0,0,0,3.1,0,0.4,0.1,1.2,"Buenos Aires"
"departamentos.fid--bb562cf_17950c2b895_-14f",519,1,"9.109.312.707.264","458.340.709",42,14,"Caleu Caleu",42014,857,99.2,0.8,97.6,0.2,0,0,0,0,1.5,0.1,0.2,0.2,6.2,"La Pampa"
"departamentos.fid--bb562cf_17950c2b895_-14e",520,1,"2.239.927.236.332","284.948.698",6,56,"Bahía Blanca",6056,153334,99.9,0.1,67.1,29.9,82,0.4,0.2,0,1.6,0,0.4,0.5,1.5,"Buenos Aires"
"departamentos.fid--bb562cf_17950c2b895_-14d",521,1,"10.123.029.756.712","820.379.771",6,875,"Villarino",6875,10829,99.7,0.3,86.8,8.3,7.2,0.4,0,0.1,3.5,0,0.7,0.2,5.9,"Buenos Aires"
"departamentos.fid--bb562cf_17950c2b895_-14c",522,1,"2.997.298.055.583","310.450.191",6,742,"San Cayetano",6742,3526,99.8,0.2,87.1,7.8,46.4,0,0,0.1,2.9,0,1.8,0.3,1,"Buenos Aires"
"departamentos.fid--bb562cf_17950c2b895_-14b",523,1,"4.566.117.497.944","431.827.643",6,581,"Necochea",6581,49772,99.7,0.3,75.9,21.8,62.6,0,0.1,0,1.5,0,0.5,0.2,0.8,"Buenos Aires"
"departamentos.fid--bb562cf_17950c2b895_-14a",524,1,"4.720.314.669.446","334.354.367",6,476,"Lobería",6476,6049,99.7,0.3,91.8,4.5,29.8,0,0,0,2.1,0,1.4,0.1,1.4,"Buenos Aires"
"departamentos.fid--bb562cf_17950c2b895_-149",525,1,"1.627.801.616.622","193.287.802",6,280,"General Alvarado",6280,27278,99.5,0.5,59.7,37.2,84.6,0.1,0,0,1.6,0.5,0.9,0.1,1.2,"Buenos Aires"
"departamentos.fid--bb562cf_17950c2b895_-148",526,1,"13.455.763.802.128","627377.26",6,602,"Patagones",6602,12833,98.5,1.5,81.6,14.8,20.3,0.1,0,0,2.8,0,0.7,0.1,2.3,"Buenos Aires"
"departamentos.fid--bb562cf_17950c2b895_-147",527,1,"8.951.528.035.548","448.385.752",62,7,"Adolfo Alsina",62007,26351,99.9,0.1,56.1,42.7,30.2,0,0.2,0,0.5,0,0.2,0.2,2.4,"Río Negro"
"departamentos.fid--bb562cf_17950c2b895_-146",528,1,"16.483.142.615.568","9.254.770.987",94,21,"Islas del Atlántico Sur",94021,NA,NA,NA,NA,NA,NA,NA,NA,NA,NA,NA,NA,NA,NA,"Tierra del Fuego, Antártida e Islas del Atlántico Sur"
"departamentos.fid--bb562cf_17950c2b895_-145",529,1,"873.142.264.085.448","68.738.884.283",94,28,"Antártida Argentina",94028,NA,NA,NA,NA,NA,NA,NA,NA,NA,NA,NA,NA,NA,NA,"Tierra del Fuego, Antártida e Islas del Atlántico Sur"
